county,site,total,dem,rep,estimated,basis,source
Harris,Metropolitan MultiService Center,17052,13295,3757,yes,"primary thru 2/25, scaled x1.58/x1.49",http://web.archive.org/web/20260226212822/https://appfiles.harrisvotes.com/harrisvotes/prd/docs/Uploads/EVPA_unofficial.pdf
Harris,George H W Bush Community Center,11804,5301,6503,yes,"primary thru 2/25, scaled x1.58/x1.49",http://web.archive.org/web/20260226212822/https://appfiles.harrisvotes.com/harrisvotes/prd/docs/Uploads/EVPA_unofficial.pdf
Harris,Richard and Meg Weekley Community Center,11554,7382,4172,yes,"primary thru 2/25, scaled x1.58/x1.49",http://web.archive.org/web/20260226212822/https://appfiles.harrisvotes.com/harrisvotes/prd/docs/Uploads/EVPA_unofficial.pdf
Tarrant,Dionne Phillips Bagsby Southwest Subcourthouse,11247,7696,3551,,primary 2026,https://www.tarrantcountytx.gov/content/dam/main/elections/2026/pm26/ev_reports/Early_Voting_Daily_Totals.pdf
Dallas,Disciple Central Comm Church,11101,10489,612,,primary 2026,https://www.dallascountyvotes.org/wp-content/uploads/2026/02/Early-Voting-Turnout-By-Date-Location-Party-Report_02.28.26.xlsx
Harris,Freeman Branch Library,10800,5770,5030,yes,"primary thru 2/25, scaled x1.58/x1.49",http://web.archive.org/web/20260226212822/https://appfiles.harrisvotes.com/harrisvotes/prd/docs/Uploads/EVPA_unofficial.pdf
Travis,Ben Hur Shrine Center,10670,8818,1852,,primary 2026,https://votetravis.gov/wp-content/uploads/P26-Daily-Totals-1.zip
Montgomery,Kevin Brady Library and Community Center,10367,3313,7054,,primary 2026,https://elections.mctx.org/pdf/PRI030326/rptEVDaily.pdf
Harris,Kingwood Community Center,10267,3314,6953,yes,"primary thru 2/25, scaled x1.58/x1.49",http://web.archive.org/web/20260226212822/https://appfiles.harrisvotes.com/harrisvotes/prd/docs/Uploads/EVPA_unofficial.pdf
Dallas,Fretz Park Library,10039,6201,3838,,primary 2026,https://www.dallascountyvotes.org/wp-content/uploads/2026/02/Early-Voting-Turnout-By-Date-Location-Party-Report_02.28.26.xlsx
Harris,Trini Mendenhall Community Center,9987,4886,5101,yes,"primary thru 2/25, scaled x1.58/x1.49",http://web.archive.org/web/20260226212822/https://appfiles.harrisvotes.com/harrisvotes/prd/docs/Uploads/EVPA_unofficial.pdf
Harris,Prairie View A and M University Northwest,9809,5380,4429,yes,"primary thru 2/25, scaled x1.58/x1.49",http://web.archive.org/web/20260226212822/https://appfiles.harrisvotes.com/harrisvotes/prd/docs/Uploads/EVPA_unofficial.pdf
Harris,HCC West Loop South,9717,6684,3033,yes,"primary thru 2/25, scaled x1.58/x1.49",http://web.archive.org/web/20260226212822/https://appfiles.harrisvotes.com/harrisvotes/prd/docs/Uploads/EVPA_unofficial.pdf
Tarrant,Keller Town Hall,9703,3306,6397,,primary 2026,https://www.tarrantcountytx.gov/content/dam/main/elections/2026/pm26/ev_reports/Early_Voting_Daily_Totals.pdf
Harris,Juergens Hall Community Center,9579,4248,5331,yes,"primary thru 2/25, scaled x1.58/x1.49",http://web.archive.org/web/20260226212822/https://appfiles.harrisvotes.com/harrisvotes/prd/docs/Uploads/EVPA_unofficial.pdf
Williamson,Williamson County Jester Annex,9379,,,,primary 2026,https://www.wilcotx.gov/DocumentCenter/View/18720/Unofficial-Early-Voting-Summary-for-the-March-3-2026-Primary
Dallas,Oak Lawn Branch Library,9310,7867,1443,,primary 2026,https://www.dallascountyvotes.org/wp-content/uploads/2026/02/Early-Voting-Turnout-By-Date-Location-Party-Report_02.28.26.xlsx
Harris,Steve Radack Community Center,9304,5884,3420,yes,"primary thru 2/25, scaled x1.58/x1.49",http://web.archive.org/web/20260226212822/https://appfiles.harrisvotes.com/harrisvotes/prd/docs/Uploads/EVPA_unofficial.pdf
Tarrant,City of Arlington South Service Center,9210,6195,3015,,primary 2026,https://www.tarrantcountytx.gov/content/dam/main/elections/2026/pm26/ev_reports/Early_Voting_Daily_Totals.pdf
Collin,Haggard Library,9131,4364,,yes,Dem primary only; total est. x2.09,talarico-archive tag
Montgomery,Central Library,9055,2729,6326,,primary 2026,https://elections.mctx.org/pdf/PRI030326/rptEVDaily.pdf
Tarrant,Summerglen Branch Library,9028,4878,4150,,primary 2026,https://www.tarrantcountytx.gov/content/dam/main/elections/2026/pm26/ev_reports/Early_Voting_Daily_Totals.pdf
Webb,Laredo Fire Dept.,8948,7462,1486,,primary 2026,https://www.webbcountytx.gov/DocumentCenter/View/2280/Daily-Totals-PDF
Collin,Gay Library,8930,4268,,yes,Dem primary only; total est. x2.09,talarico-archive tag
Cameron,Brownsville Public Library,8896,7025,1871,,primary 2026,https://www.cameroncountytx.gov/elections/wp-content/uploads/2026/02/01_2026_DEMOCRATIC_PRIMARY2-27-2026.pdf ; https://www.cameroncountytx.gov/elections/wp-content/uploads/2026/02/02_2026_REPUBLICAN_PRIMARY2-27-2026.pdf
Fort Bend,CINCO RANCH BRANCH LIBRARY,8861,4207,4654,,primary 2026,https://www.fortbendcountytx.gov/sites/default/files/document-central/document-central/elections-documents/elections-results/2026/Early-Voting-by-Personal-Appearance-Statistics_9.xlsx
Bexar,Brookhollow Branch Library,8691,4638,4053,,primary 2026,https://earlyvotecounts.bexar.org/ (Wayback capture http://web.archive.org/web/20260306200258/https://earlyvotecounts.bexar.org/)
Harris,Nottingham Park Building,8646,4260,4386,yes,"primary thru 2/25, scaled x1.58/x1.49",http://web.archive.org/web/20260226212822/https://appfiles.harrisvotes.com/harrisvotes/prd/docs/Uploads/EVPA_unofficial.pdf
Harris,East Harris County Activity Center,8616,2683,5933,yes,"primary thru 2/25, scaled x1.58/x1.49",http://web.archive.org/web/20260226212822/https://appfiles.harrisvotes.com/harrisvotes/prd/docs/Uploads/EVPA_unofficial.pdf
Williamson,Cedar Park Rec Center,8518,,,,primary 2026,https://www.wilcotx.gov/DocumentCenter/View/18720/Unofficial-Early-Voting-Summary-for-the-March-3-2026-Primary
Harris,City of Jersey Village Civic Center,8426,4204,4222,yes,"primary thru 2/25, scaled x1.58/x1.49",http://web.archive.org/web/20260226212822/https://appfiles.harrisvotes.com/harrisvotes/prd/docs/Uploads/EVPA_unofficial.pdf
Travis,PfISD Rock Gym,8388,6646,1742,,primary 2026,https://votetravis.gov/wp-content/uploads/P26-Daily-Totals-1.zip
Tarrant,Bedford Public Library,8338,4267,4071,,primary 2026,https://www.tarrantcountytx.gov/content/dam/main/elections/2026/pm26/ev_reports/Early_Voting_Daily_Totals.pdf
Bexar,Encino Branch Library,8259,4507,3752,,primary 2026,https://earlyvotecounts.bexar.org/ (Wayback capture http://web.archive.org/web/20260306200258/https://earlyvotecounts.bexar.org/)
Dallas,Duncanville Library,8097,6664,1433,,primary 2026,https://www.dallascountyvotes.org/wp-content/uploads/2026/02/Early-Voting-Turnout-By-Date-Location-Party-Report_02.28.26.xlsx
Montgomery,North Montgomery County Community Center,8066,1555,6511,,primary 2026,https://elections.mctx.org/pdf/PRI030326/rptEVDaily.pdf
Harris,SPJST Lodge 88,7999,6024,1975,yes,"primary thru 2/25, scaled x1.58/x1.49",http://web.archive.org/web/20260226212822/https://appfiles.harrisvotes.com/harrisvotes/prd/docs/Uploads/EVPA_unofficial.pdf
Montgomery,Lone Star Community Center,7941,942,6999,,primary 2026,https://elections.mctx.org/pdf/PRI030326/rptEVDaily.pdf
Tarrant,ACTIV,7934,4043,3891,,primary 2026,https://www.tarrantcountytx.gov/content/dam/main/elections/2026/pm26/ev_reports/Early_Voting_Daily_Totals.pdf
Tarrant,Gary Fickes Northeast Courthouse,7870,3100,4770,,primary 2026,https://www.tarrantcountytx.gov/content/dam/main/elections/2026/pm26/ev_reports/Early_Voting_Daily_Totals.pdf
Harris,HCPL Octavia Fields Branch Library,7788,5789,1999,yes,"primary thru 2/25, scaled x1.58/x1.49",http://web.archive.org/web/20260226212822/https://appfiles.harrisvotes.com/harrisvotes/prd/docs/Uploads/EVPA_unofficial.pdf
Collin,Davis Library,7716,3688,,yes,Dem primary only; total est. x2.09,talarico-archive tag
Tarrant,Tarrant County Sub-Courthouse at Mansfield,7568,4336,3232,,primary 2026,https://www.tarrantcountytx.gov/content/dam/main/elections/2026/pm26/ev_reports/Early_Voting_Daily_Totals.pdf
Tarrant,Como Community Center,7559,4782,2777,,primary 2026,https://www.tarrantcountytx.gov/content/dam/main/elections/2026/pm26/ev_reports/Early_Voting_Daily_Totals.pdf
Collin,Allen Municipal Courts Facility,7551,3609,,yes,Dem primary only; total est. x2.09,talarico-archive tag
Travis,Randalls Brodie,7415,5969,1446,,primary 2026,https://votetravis.gov/wp-content/uploads/P26-Daily-Totals-1.zip
Harris,Fallbrook Church,7297,6618,679,yes,"primary thru 2/25, scaled x1.58/x1.49",http://web.archive.org/web/20260226212822/https://appfiles.harrisvotes.com/harrisvotes/prd/docs/Uploads/EVPA_unofficial.pdf
Collin,Carpenter Park Recreation Center,7269,3474,,yes,Dem primary only; total est. x2.09,talarico-archive tag
Harris,Harris County Scarsdale Annex,7253,4549,2704,yes,"primary thru 2/25, scaled x1.58/x1.49",http://web.archive.org/web/20260226212822/https://appfiles.harrisvotes.com/harrisvotes/prd/docs/Uploads/EVPA_unofficial.pdf
Bexar,Semmes Branch Library,7219,4304,2915,,primary 2026,https://earlyvotecounts.bexar.org/ (Wayback capture http://web.archive.org/web/20260306200258/https://earlyvotecounts.bexar.org/)
Williamson,The Oaks At Sun City,7192,,,,primary 2026,https://www.wilcotx.gov/DocumentCenter/View/18720/Unofficial-Early-Voting-Summary-for-the-March-3-2026-Primary
Harris,Bayland Park Community Center,7180,4852,2328,yes,"primary thru 2/25, scaled x1.58/x1.49",http://web.archive.org/web/20260226212822/https://appfiles.harrisvotes.com/harrisvotes/prd/docs/Uploads/EVPA_unofficial.pdf
Tarrant,Grapevine Public Library,7160,3352,3808,,primary 2026,https://www.tarrantcountytx.gov/content/dam/main/elections/2026/pm26/ev_reports/Early_Voting_Daily_Totals.pdf
Bexar,Maverick Branch Library,7129,4587,2542,,primary 2026,https://earlyvotecounts.bexar.org/ (Wayback capture http://web.archive.org/web/20260306200258/https://earlyvotecounts.bexar.org/)
Bexar,Great Northwest Branch Library,7075,4957,2118,,primary 2026,https://earlyvotecounts.bexar.org/ (Wayback capture http://web.archive.org/web/20260306200258/https://earlyvotecounts.bexar.org/)
Dallas,A E Sims Cedar Hill Rec Center,7047,5988,1059,,primary 2026,https://www.dallascountyvotes.org/wp-content/uploads/2026/02/Early-Voting-Turnout-By-Date-Location-Party-Report_02.28.26.xlsx
Collin,Harrington Library,7020,3355,,yes,Dem primary only; total est. x2.09,talarico-archive tag
Bexar,Cody Branch Library,7011,4521,2490,,primary 2026,https://earlyvotecounts.bexar.org/ (Wayback capture http://web.archive.org/web/20260306200258/https://earlyvotecounts.bexar.org/)
Harris,HCPL North Channel Library,6985,5397,1588,yes,"primary thru 2/25, scaled x1.58/x1.49",http://web.archive.org/web/20260226212822/https://appfiles.harrisvotes.com/harrisvotes/prd/docs/Uploads/EVPA_unofficial.pdf
Dallas,Dallas County Mesquite Gov Ctr,6964,4999,1965,,primary 2026,https://www.dallascountyvotes.org/wp-content/uploads/2026/02/Early-Voting-Turnout-By-Date-Location-Party-Report_02.28.26.xlsx
Denton,Carrollton Public Library,6946,,,yes,Nov 2024 general x0.31,votedenton.gov 1124_11-01_ev_by_day_poll_pad.pdf
Travis,Austin Oaks Church,6942,5135,1807,,primary 2026,https://votetravis.gov/wp-content/uploads/P26-Daily-Totals-1.zip
Brazoria,Pearland East,6926,2764,4162,,primary 2026,https://www.brazoriacountyclerktx.gov/home/showpublisheddocument/29250/639078286362930000 (DEM; via web.archive.org/web/20260306001741) ; https://www.brazoriacountyclerktx.gov/home/showpublisheddocument/29248/639078206102900000 (REP; via web.archive.org/web/20260306001833)
Dallas,Rowlett Community Centre,6903,4069,2834,,primary 2026,https://www.dallascountyvotes.org/wp-content/uploads/2026/02/Early-Voting-Turnout-By-Date-Location-Party-Report_02.28.26.xlsx
Dallas,Marsh Lane Baptist Church,6895,4389,2506,,primary 2026,https://www.dallascountyvotes.org/wp-content/uploads/2026/02/Early-Voting-Turnout-By-Date-Location-Party-Report_02.28.26.xlsx
Bexar,Parman Branch Library @ Stone Oak,6887,3376,3511,,primary 2026,https://earlyvotecounts.bexar.org/ (Wayback capture http://web.archive.org/web/20260306200258/https://earlyvotecounts.bexar.org/)
Travis,Balcones Woods Shopping Center,6807,5167,1640,,primary 2026,https://votetravis.gov/wp-content/uploads/P26-Daily-Totals-1.zip
Harris,Tomball Public Works Building,6760,2029,4731,yes,"primary thru 2/25, scaled x1.58/x1.49",http://web.archive.org/web/20260226212822/https://appfiles.harrisvotes.com/harrisvotes/prd/docs/Uploads/EVPA_unofficial.pdf
Bexar,Igo Branch Library,6707,4275,2432,,primary 2026,https://earlyvotecounts.bexar.org/ (Wayback capture http://web.archive.org/web/20260306200258/https://earlyvotecounts.bexar.org/)
Dallas,Audelia Road Branch Library,6654,4315,2339,,primary 2026,https://www.dallascountyvotes.org/wp-content/uploads/2026/02/Early-Voting-Turnout-By-Date-Location-Party-Report_02.28.26.xlsx
Harris,HCPL Maud Smith Marks Branch Library,6631,3199,3432,yes,"primary thru 2/25, scaled x1.58/x1.49",http://web.archive.org/web/20260226212822/https://appfiles.harrisvotes.com/harrisvotes/prd/docs/Uploads/EVPA_unofficial.pdf
Dallas,South Garland Branch Library,6625,4459,2166,,primary 2026,https://www.dallascountyvotes.org/wp-content/uploads/2026/02/Early-Voting-Turnout-By-Date-Location-Party-Report_02.28.26.xlsx
Tarrant,Southlake Town Hall,6594,2140,4454,,primary 2026,https://www.tarrantcountytx.gov/content/dam/main/elections/2026/pm26/ev_reports/Early_Voting_Daily_Totals.pdf
Hidalgo,Lark Community Center,6576,4588,1988,,primary 2026,https://www.hidalgocounty.us/DocumentCenter/View/72057/EV-SUBS
Bexar,Tobin Branch Library @ Oakwell,6535,3994,2541,,primary 2026,https://earlyvotecounts.bexar.org/ (Wayback capture http://web.archive.org/web/20260306200258/https://earlyvotecounts.bexar.org/)
Montgomery,East Montgomery County Fair Association Building,6499,2250,4249,,primary 2026,https://elections.mctx.org/pdf/PRI030326/rptEVDaily.pdf
Tarrant,Elzie Odom Athletic Center,6495,4224,2271,,primary 2026,https://www.tarrantcountytx.gov/content/dam/main/elections/2026/pm26/ev_reports/Early_Voting_Daily_Totals.pdf
Tarrant,Northpark YMCA,6480,3634,2846,,primary 2026,https://www.tarrantcountytx.gov/content/dam/main/elections/2026/pm26/ev_reports/Early_Voting_Daily_Totals.pdf
Travis,Austin Energy Headquarters,6454,6092,362,,primary 2026,https://votetravis.gov/wp-content/uploads/P26-Daily-Totals-1.zip
Montgomery,George and Cynthia Woods Mitchell Library,6446,2536,3910,,primary 2026,https://elections.mctx.org/pdf/PRI030326/rptEVDaily.pdf
Dallas,University Park UMC,6420,2341,4079,,primary 2026,https://www.dallascountyvotes.org/wp-content/uploads/2026/02/Early-Voting-Turnout-By-Date-Location-Party-Report_02.28.26.xlsx
Collin,Renner-Frankford Library,6402,3060,,yes,Dem primary only; total est. x2.09,talarico-archive tag
Harris,Alief ISD Administration Building,6353,4381,1972,yes,"primary thru 2/25, scaled x1.58/x1.49",http://web.archive.org/web/20260226212822/https://appfiles.harrisvotes.com/harrisvotes/prd/docs/Uploads/EVPA_unofficial.pdf
Bexar,Northwest Vista College,6334,4729,1605,,primary 2026,https://earlyvotecounts.bexar.org/ (Wayback capture http://web.archive.org/web/20260306200258/https://earlyvotecounts.bexar.org/)
Harris,Katy Branch Harris County Public Library,6304,3543,2761,yes,"primary thru 2/25, scaled x1.58/x1.49",http://web.archive.org/web/20260226212822/https://appfiles.harrisvotes.com/harrisvotes/prd/docs/Uploads/EVPA_unofficial.pdf
Travis,Bee Cave City Hall,6283,3331,2952,,primary 2026,https://votetravis.gov/wp-content/uploads/P26-Daily-Totals-1.zip
Travis,Randalls Flagship West Lake Hills,6254,4194,2060,,primary 2026,https://votetravis.gov/wp-content/uploads/P26-Daily-Totals-1.zip
Hidalgo,Elections Annex Building,6249,4892,1357,,primary 2026,https://www.hidalgocounty.us/DocumentCenter/View/72057/EV-SUBS
Harris,Sunnyside Health and Multi Service Center,6248,6161,87,yes,"primary thru 2/25, scaled x1.58/x1.49",http://web.archive.org/web/20260226212822/https://appfiles.harrisvotes.com/harrisvotes/prd/docs/Uploads/EVPA_unofficial.pdf
Bexar,Lion's Field Adult and Senior Center,6134,4358,1776,,primary 2026,https://earlyvotecounts.bexar.org/ (Wayback capture http://web.archive.org/web/20260306200258/https://earlyvotecounts.bexar.org/)
Collin,Allen ISD Service Center - Front Lobby,6109,2920,,yes,Dem primary only; total est. x2.09,talarico-archive tag
Dallas,Dallas College-Garland Center,6086,3811,2275,,primary 2026,https://www.dallascountyvotes.org/wp-content/uploads/2026/02/Early-Voting-Turnout-By-Date-Location-Party-Report_02.28.26.xlsx
Montgomery,Magnolia Event Center Annex,6057,1025,5032,,primary 2026,https://elections.mctx.org/pdf/PRI030326/rptEVDaily.pdf
Harris,First Congregational Church,6053,2240,3813,yes,"primary thru 2/25, scaled x1.58/x1.49",http://web.archive.org/web/20260226212822/https://appfiles.harrisvotes.com/harrisvotes/prd/docs/Uploads/EVPA_unofficial.pdf
Dallas,Friendship West Baptist Church,6019,5965,54,,primary 2026,https://www.dallascountyvotes.org/wp-content/uploads/2026/02/Early-Voting-Turnout-By-Date-Location-Party-Report_02.28.26.xlsx
Dallas,Irving City Hall,5984,3638,2346,,primary 2026,https://www.dallascountyvotes.org/wp-content/uploads/2026/02/Early-Voting-Turnout-By-Date-Location-Party-Report_02.28.26.xlsx
Williamson,Brushy Creek Community Center,5968,,,,primary 2026,https://www.wilcotx.gov/DocumentCenter/View/18720/Unofficial-Early-Voting-Summary-for-the-March-3-2026-Primary
Tarrant,Benbrook Community Center,5948,2414,3534,,primary 2026,https://www.tarrantcountytx.gov/content/dam/main/elections/2026/pm26/ev_reports/Early_Voting_Daily_Totals.pdf
Williamson,Allen R Baca Center,5905,,,,primary 2026,https://www.wilcotx.gov/DocumentCenter/View/18720/Unofficial-Early-Voting-Summary-for-the-March-3-2026-Primary
Dallas,Lochwood Branch Library,5868,4428,1440,,primary 2026,https://www.dallascountyvotes.org/wp-content/uploads/2026/02/Early-Voting-Turnout-By-Date-Location-Party-Report_02.28.26.xlsx
Tarrant,Euless Family Life Senior Center,5792,3342,2450,,primary 2026,https://www.tarrantcountytx.gov/content/dam/main/elections/2026/pm26/ev_reports/Early_Voting_Daily_Totals.pdf
Montgomery,Spring Creek Greenway Nature Center,5755,2489,3266,,primary 2026,https://elections.mctx.org/pdf/PRI030326/rptEVDaily.pdf
Brazoria,Shadow Creek,5731,4762,969,,primary 2026,https://www.brazoriacountyclerktx.gov/home/showpublisheddocument/29250/639078286362930000 (DEM; via web.archive.org/web/20260306001741) ; https://www.brazoriacountyclerktx.gov/home/showpublisheddocument/29248/639078206102900000 (REP; via web.archive.org/web/20260306001833)
Tarrant,Tarrant County SubCourthouse in Arlington,5723,3726,1997,,primary 2026,https://www.tarrantcountytx.gov/content/dam/main/elections/2026/pm26/ev_reports/Early_Voting_Daily_Totals.pdf
Dallas,Royal Lane Baptist Church,5711,3257,2454,,primary 2026,https://www.dallascountyvotes.org/wp-content/uploads/2026/02/Early-Voting-Turnout-By-Date-Location-Party-Report_02.28.26.xlsx
Harris,Acres Homes MultiService Center,5693,5482,211,yes,"primary thru 2/25, scaled x1.58/x1.49",http://web.archive.org/web/20260226212822/https://appfiles.harrisvotes.com/harrisvotes/prd/docs/Uploads/EVPA_unofficial.pdf
Fort Bend,SIENNA ANNEX,5685,3957,1728,,primary 2026,https://www.fortbendcountytx.gov/sites/default/files/document-central/document-central/elections-documents/elections-results/2026/Early-Voting-by-Personal-Appearance-Statistics_9.xlsx
Tarrant,Colleyville Recreation Center Annex A,5637,1598,4039,,primary 2026,https://www.tarrantcountytx.gov/content/dam/main/elections/2026/pm26/ev_reports/Early_Voting_Daily_Totals.pdf
Travis,UT Texas Union,5622,5399,223,,primary 2026,https://votetravis.gov/wp-content/uploads/P26-Daily-Totals-1.zip
Dallas,Coppell Town Center,5574,3060,2514,,primary 2026,https://www.dallascountyvotes.org/wp-content/uploads/2026/02/Early-Voting-Turnout-By-Date-Location-Party-Report_02.28.26.xlsx
Harris,Cactus Jack Cagle Community Center,5544,3028,2516,yes,"primary thru 2/25, scaled x1.58/x1.49",http://web.archive.org/web/20260226212822/https://appfiles.harrisvotes.com/harrisvotes/prd/docs/Uploads/EVPA_unofficial.pdf
Fort Bend,MISSOURI CITY VISITORS CENTER,5522,5101,421,,primary 2026,https://www.fortbendcountytx.gov/sites/default/files/document-central/document-central/elections-documents/elections-results/2026/Early-Voting-by-Personal-Appearance-Statistics_9.xlsx
Harris,Hiram Clarke MultiService Center,5426,5203,223,yes,"primary thru 2/25, scaled x1.58/x1.49",http://web.archive.org/web/20260226212822/https://appfiles.harrisvotes.com/harrisvotes/prd/docs/Uploads/EVPA_unofficial.pdf
Bexar,Wonderland Mall of the Americas,5417,4300,1117,,primary 2026,https://earlyvotecounts.bexar.org/ (Wayback capture http://web.archive.org/web/20260306200258/https://earlyvotecounts.bexar.org/)
Harris,Tracy Gee Community Center,5416,3272,2144,yes,"primary thru 2/25, scaled x1.58/x1.49",http://web.archive.org/web/20260226212822/https://appfiles.harrisvotes.com/harrisvotes/prd/docs/Uploads/EVPA_unofficial.pdf
Montgomery,West Montgomery County Community Development Center,5388,771,4617,,primary 2026,https://elections.mctx.org/pdf/PRI030326/rptEVDaily.pdf
Tarrant,North Richland Hills City Hall,5374,2347,3027,,primary 2026,https://www.tarrantcountytx.gov/content/dam/main/elections/2026/pm26/ev_reports/Early_Voting_Daily_Totals.pdf
Tarrant,Saginaw Public Library,5372,2796,2576,,primary 2026,https://www.tarrantcountytx.gov/content/dam/main/elections/2026/pm26/ev_reports/Early_Voting_Daily_Totals.pdf
Travis,Typhoon Texas Waterpark,5290,4108,1182,,primary 2026,https://votetravis.gov/wp-content/uploads/P26-Daily-Totals-1.zip
Collin,Collin College Wylie Campus,5289,2528,,yes,Dem primary only; total est. x2.09,talarico-archive tag
Nueces,Deaf & Hard of Hearing Center,5279,2875,2404,,primary 2026,https://www.nuecesco.com/home/showpublisheddocument/33305/639092555266430000
Williamson,Georgetown ISD Technology Bldg,5203,,,,primary 2026,https://www.wilcotx.gov/DocumentCenter/View/18720/Unofficial-Early-Voting-Summary-for-the-March-3-2026-Primary
Collin,Collin College Frisco Campus,5166,2469,,yes,Dem primary only; total est. x2.09,talarico-archive tag
Brazoria,Lake Jackson,5114,1357,3757,,primary 2026,https://www.brazoriacountyclerktx.gov/home/showpublisheddocument/29250/639078286362930000 (DEM; via web.archive.org/web/20260306001741) ; https://www.brazoriacountyclerktx.gov/home/showpublisheddocument/29248/639078206102900000 (REP; via web.archive.org/web/20260306001833)
Tarrant,Handley-Meadowbrook Community Center,5101,4222,879,,primary 2026,https://www.tarrantcountytx.gov/content/dam/main/elections/2026/pm26/ev_reports/Early_Voting_Daily_Totals.pdf
Fort Bend,BOWIE MIDDLE SCHOOL,5092,2220,2872,,primary 2026,https://www.fortbendcountytx.gov/sites/default/files/document-central/document-central/elections-documents/elections-results/2026/Early-Voting-by-Personal-Appearance-Statistics_9.xlsx
Collin,Murphy Community Center,5086,2431,,yes,Dem primary only; total est. x2.09,talarico-archive tag
Travis,Westoak Woods Baptist Church,5081,4130,951,,primary 2026,https://votetravis.gov/wp-content/uploads/P26-Daily-Totals-1.zip
Bexar,Shavano Park City Hall,5074,2337,2737,,primary 2026,https://earlyvotecounts.bexar.org/ (Wayback capture http://web.archive.org/web/20260306200258/https://earlyvotecounts.bexar.org/)
Travis,Wheatsville Food Coop South Lamar,5041,4704,337,,primary 2026,https://votetravis.gov/wp-content/uploads/P26-Daily-Totals-1.zip
Bexar,Converse Community Event Center,5032,3658,1374,,primary 2026,https://earlyvotecounts.bexar.org/ (Wayback capture http://web.archive.org/web/20260306200258/https://earlyvotecounts.bexar.org/)
Fort Bend,FOUR CORNERS COMMUNITY CENTER,5017,3861,1156,,primary 2026,https://www.fortbendcountytx.gov/sites/default/files/document-central/document-central/elections-documents/elections-results/2026/Early-Voting-by-Personal-Appearance-Statistics_9.xlsx
Travis,Northwest Recreation Center,5016,4307,709,,primary 2026,https://votetravis.gov/wp-content/uploads/P26-Daily-Totals-1.zip
Fort Bend,GEORGE MEMORIAL LIBRARY,5002,2957,2045,,primary 2026,https://www.fortbendcountytx.gov/sites/default/files/document-central/document-central/elections-documents/elections-results/2026/Early-Voting-by-Personal-Appearance-Statistics_9.xlsx
Brazoria,Pearland West,5000,3505,1495,,primary 2026,https://www.brazoriacountyclerktx.gov/home/showpublisheddocument/29250/639078286362930000 (DEM; via web.archive.org/web/20260306001741) ; https://www.brazoriacountyclerktx.gov/home/showpublisheddocument/29248/639078206102900000 (REP; via web.archive.org/web/20260306001833)
Collin,Collin College Plano Campus,4986,2383,,yes,Dem primary only; total est. x2.09,talarico-archive tag
Tarrant,White Settlement Public Library,4882,2356,2526,,primary 2026,https://www.tarrantcountytx.gov/content/dam/main/elections/2026/pm26/ev_reports/Early_Voting_Daily_Totals.pdf
Brazoria,Alvin,4879,1461,3418,,primary 2026,https://www.brazoriacountyclerktx.gov/home/showpublisheddocument/29250/639078286362930000 (DEM; via web.archive.org/web/20260306001741) ; https://www.brazoriacountyclerktx.gov/home/showpublisheddocument/29248/639078206102900000 (REP; via web.archive.org/web/20260306001833)
Harris,Saint John Lutheran Church and School,4871,1744,3127,yes,"primary thru 2/25, scaled x1.58/x1.49",http://web.archive.org/web/20260226212822/https://appfiles.harrisvotes.com/harrisvotes/prd/docs/Uploads/EVPA_unofficial.pdf
Tarrant,Crouch Event Center in Bicentennial Park,4862,2784,2078,,primary 2026,https://www.tarrantcountytx.gov/content/dam/main/elections/2026/pm26/ev_reports/Early_Voting_Daily_Totals.pdf
Williamson,Hutto Discovery United Methodist Church,4855,,,,primary 2026,https://www.wilcotx.gov/DocumentCenter/View/18720/Unofficial-Early-Voting-Summary-for-the-March-3-2026-Primary
Dallas,Samuell Grand Recreation Center,4850,4039,811,,primary 2026,https://www.dallascountyvotes.org/wp-content/uploads/2026/02/Early-Voting-Turnout-By-Date-Location-Party-Report_02.28.26.xlsx
Dallas,Lancaster Veterans Memorial Library,4811,4468,343,,primary 2026,https://www.dallascountyvotes.org/wp-content/uploads/2026/02/Early-Voting-Turnout-By-Date-Location-Party-Report_02.28.26.xlsx
Bexar,Leon Valley Conference Center,4801,3367,1434,,primary 2026,https://earlyvotecounts.bexar.org/ (Wayback capture http://web.archive.org/web/20260306200258/https://earlyvotecounts.bexar.org/)
Tarrant,Bob Duncan Center,4773,3232,1541,,primary 2026,https://www.tarrantcountytx.gov/content/dam/main/elections/2026/pm26/ev_reports/Early_Voting_Daily_Totals.pdf
Dallas,Josey Ranch Lake Library,4771,2985,1786,,primary 2026,https://www.dallascountyvotes.org/wp-content/uploads/2026/02/Early-Voting-Turnout-By-Date-Location-Party-Report_02.28.26.xlsx
Dallas,Northway Christian Church,4755,2351,2404,,primary 2026,https://www.dallascountyvotes.org/wp-content/uploads/2026/02/Early-Voting-Turnout-By-Date-Location-Party-Report_02.28.26.xlsx
Bexar,McCreless Branch Library,4643,3656,987,,primary 2026,https://earlyvotecounts.bexar.org/ (Wayback capture http://web.archive.org/web/20260306200258/https://earlyvotecounts.bexar.org/)
Tarrant,Vernon Newsom Stadium,4626,3422,1204,,primary 2026,https://www.tarrantcountytx.gov/content/dam/main/elections/2026/pm26/ev_reports/Early_Voting_Daily_Totals.pdf
Dallas,Betty Warmack Library,4619,3520,1099,,primary 2026,https://www.dallascountyvotes.org/wp-content/uploads/2026/02/Early-Voting-Turnout-By-Date-Location-Party-Report_02.28.26.xlsx
Bexar,Northeast Lakeview College,4617,2846,1771,,primary 2026,https://earlyvotecounts.bexar.org/ (Wayback capture http://web.archive.org/web/20260306200258/https://earlyvotecounts.bexar.org/)
Collin,Parr Library,4590,2194,,yes,Dem primary only; total est. x2.09,talarico-archive tag
Tarrant,Tarrant County College Southeast Campus,4582,3921,661,,primary 2026,https://www.tarrantcountytx.gov/content/dam/main/elections/2026/pm26/ev_reports/Early_Voting_Daily_Totals.pdf
Travis,Pleasant Hill Branch Library,4543,4060,483,,primary 2026,https://votetravis.gov/wp-content/uploads/P26-Daily-Totals-1.zip
Harris,Wheeler Avenue Baptist Church Fellowship Hall,4522,4417,105,yes,"primary thru 2/25, scaled x1.58/x1.49",http://web.archive.org/web/20260226212822/https://appfiles.harrisvotes.com/harrisvotes/prd/docs/Uploads/EVPA_unofficial.pdf
Travis,Disability Rights Texas,4516,3904,612,,primary 2026,https://votetravis.gov/wp-content/uploads/P26-Daily-Totals-1.zip
Williamson,Leander Senior Activity Center,4516,,,,primary 2026,https://www.wilcotx.gov/DocumentCenter/View/18720/Unofficial-Early-Voting-Summary-for-the-March-3-2026-Primary
Travis,Carver Branch Library,4506,4319,187,,primary 2026,https://votetravis.gov/wp-content/uploads/P26-Daily-Totals-1.zip
Dallas,Ministerios Charisma,4494,2600,1894,,primary 2026,https://www.dallascountyvotes.org/wp-content/uploads/2026/02/Early-Voting-Turnout-By-Date-Location-Party-Report_02.28.26.xlsx
Harris,Lone Star College Creekside,4489,1752,2737,yes,"primary thru 2/25, scaled x1.58/x1.49",http://web.archive.org/web/20260226212822/https://appfiles.harrisvotes.com/harrisvotes/prd/docs/Uploads/EVPA_unofficial.pdf
Dallas,North Garland Branch Library,4471,2999,1472,,primary 2026,https://www.dallascountyvotes.org/wp-content/uploads/2026/02/Early-Voting-Turnout-By-Date-Location-Party-Report_02.28.26.xlsx
Travis,Randalls Steiner Ranch,4449,2673,1776,,primary 2026,https://votetravis.gov/wp-content/uploads/P26-Daily-Totals-1.zip
Dallas,Valley Ranch Library,4448,3367,1081,,primary 2026,https://www.dallascountyvotes.org/wp-content/uploads/2026/02/Early-Voting-Turnout-By-Date-Location-Party-Report_02.28.26.xlsx
Travis,South Austin Recreation Center,4364,3969,395,,primary 2026,https://votetravis.gov/wp-content/uploads/P26-Daily-Totals-1.zip
Denton,The Colony Annex Building,4318,,,yes,Nov 2024 general x0.31,votedenton.gov 1124_11-01_ev_by_day_poll_pad.pdf
Fort Bend,TOMPKINS HIGH SCHOOL,4297,1936,2361,,primary 2026,https://www.fortbendcountytx.gov/sites/default/files/document-central/document-central/elections-documents/elections-results/2026/Early-Voting-by-Personal-Appearance-Statistics_9.xlsx
El Paso,Dorris Van Doren Library,4291,2898,1393,,primary 2026,https://ep-county-elections-production.s3.amazonaws.com/documents/files/000/006/527/original/DEM_Early_Voting_Statistics.pdf ; https://ep-county-elections-production.s3.amazonaws.com/documents/files/000/006/525/original/REP_Early_Voting_Statistics.pdf
Fort Bend,SUGAR LAND BRANCH LIBRARY,4290,2057,2233,,primary 2026,https://www.fortbendcountytx.gov/sites/default/files/document-central/document-central/elections-documents/elections-results/2026/Early-Voting-by-Personal-Appearance-Statistics_9.xlsx
Tarrant,Southwest Community Center,4287,3353,934,,primary 2026,https://www.tarrantcountytx.gov/content/dam/main/elections/2026/pm26/ev_reports/Early_Voting_Daily_Totals.pdf
Tarrant,Sheriff's Office North Patrol Division,4232,1566,2666,,primary 2026,https://www.tarrantcountytx.gov/content/dam/main/elections/2026/pm26/ev_reports/Early_Voting_Daily_Totals.pdf
Harris,Northeast MultiService Center,4232,4133,99,yes,"primary thru 2/25, scaled x1.58/x1.49",http://web.archive.org/web/20260226212822/https://appfiles.harrisvotes.com/harrisvotes/prd/docs/Uploads/EVPA_unofficial.pdf
Dallas,St Paul's Church,4203,3054,1149,,primary 2026,https://www.dallascountyvotes.org/wp-content/uploads/2026/02/Early-Voting-Turnout-By-Date-Location-Party-Report_02.28.26.xlsx
Denton,Frisco Fire Station #6,4201,,,yes,Nov 2024 general x0.31,votedenton.gov 1124_11-01_ev_by_day_poll_pad.pdf
Nueces,Veterans Memorial High School,4196,2063,2133,,primary 2026,https://www.nuecesco.com/home/showpublisheddocument/33305/639092555266430000
Bexar,Castle Hills City Hall,4183,2690,1493,,primary 2026,https://earlyvotecounts.bexar.org/ (Wayback capture http://web.archive.org/web/20260306200258/https://earlyvotecounts.bexar.org/)
Harris,Ted Poe Community Center,4177,2382,1795,yes,"primary thru 2/25, scaled x1.58/x1.49",http://web.archive.org/web/20260226212822/https://appfiles.harrisvotes.com/harrisvotes/prd/docs/Uploads/EVPA_unofficial.pdf
El Paso,Marty Robbins Recreation Center,4144,3033,1111,,primary 2026,https://ep-county-elections-production.s3.amazonaws.com/documents/files/000/006/527/original/DEM_Early_Voting_Statistics.pdf ; https://ep-county-elections-production.s3.amazonaws.com/documents/files/000/006/525/original/REP_Early_Voting_Statistics.pdf
Harris,San Jacinto College Generation Park,4138,3410,728,yes,"primary thru 2/25, scaled x1.58/x1.49",http://web.archive.org/web/20260226212822/https://appfiles.harrisvotes.com/harrisvotes/prd/docs/Uploads/EVPA_unofficial.pdf
Travis,Manor ISD Admin Building,4117,3513,604,,primary 2026,https://votetravis.gov/wp-content/uploads/P26-Daily-Totals-1.zip
Travis,Lakeway Activity Center,4105,1770,2335,,primary 2026,https://votetravis.gov/wp-content/uploads/P26-Daily-Totals-1.zip
Travis,Austin Recreation Center,4104,3241,863,,primary 2026,https://votetravis.gov/wp-content/uploads/P26-Daily-Totals-1.zip
Fort Bend,HIGHTOWER HIGH SCHOOL,4010,3733,277,,primary 2026,https://www.fortbendcountytx.gov/sites/default/files/document-central/document-central/elections-documents/elections-results/2026/Early-Voting-by-Personal-Appearance-Statistics_9.xlsx
Dallas,Oak Cliff Government Center,4007,3673,334,,primary 2026,https://www.dallascountyvotes.org/wp-content/uploads/2026/02/Early-Voting-Turnout-By-Date-Location-Party-Report_02.28.26.xlsx
Fort Bend,REESE TECHNICAL CENTER,3999,2268,1731,,primary 2026,https://www.fortbendcountytx.gov/sites/default/files/document-central/document-central/elections-documents/elections-results/2026/Early-Voting-by-Personal-Appearance-Statistics_9.xlsx
Denton,Frisco Fire Station #4,3925,,,yes,Nov 2024 general x0.31,votedenton.gov 1124_11-01_ev_by_day_poll_pad.pdf
Bexar,Fair Oaks Ranch Police Dept.,3923,1364,2559,,primary 2026,https://earlyvotecounts.bexar.org/ (Wayback capture http://web.archive.org/web/20260306200258/https://earlyvotecounts.bexar.org/)
Hidalgo,UTRGV,3919,3289,630,,primary 2026,https://www.hidalgocounty.us/DocumentCenter/View/72057/EV-SUBS
Denton,South Branch Library,3885,,,yes,Nov 2024 general x0.31,votedenton.gov 1124_11-01_ev_by_day_poll_pad.pdf
Williamson,Liberty Hill ISD Gym Annex,3847,,,,primary 2026,https://www.wilcotx.gov/DocumentCenter/View/18720/Unofficial-Early-Voting-Summary-for-the-March-3-2026-Primary
Brazoria,Angleton,3830,1105,2725,,primary 2026,https://www.brazoriacountyclerktx.gov/home/showpublisheddocument/29250/639078286362930000 (DEM; via web.archive.org/web/20260306001741) ; https://www.brazoriacountyclerktx.gov/home/showpublisheddocument/29248/639078206102900000 (REP; via web.archive.org/web/20260306001833)
Hidalgo,Mission Parks and Recreation Center,3812,2858,954,,primary 2026,https://www.hidalgocounty.us/DocumentCenter/View/72057/EV-SUBS
Tarrant,Asia Times Square,3796,2828,968,,primary 2026,https://www.tarrantcountytx.gov/content/dam/main/elections/2026/pm26/ev_reports/Early_Voting_Daily_Totals.pdf
Denton,Frisco Fire Station #7,3792,,,yes,Nov 2024 general x0.31,votedenton.gov 1124_11-01_ev_by_day_poll_pad.pdf
Fort Bend,FULSHEAR BRANCH LIBRARY,3788,1687,2101,,primary 2026,https://www.fortbendcountytx.gov/sites/default/files/document-central/document-central/elections-documents/elections-results/2026/Early-Voting-by-Personal-Appearance-Statistics_9.xlsx
Harris,Sheraton Houston Brookhollow Hotel,3783,2858,925,yes,"primary thru 2/25, scaled x1.58/x1.49",http://web.archive.org/web/20260226212822/https://appfiles.harrisvotes.com/harrisvotes/prd/docs/Uploads/EVPA_unofficial.pdf
Bexar,Mission Branch Library,3782,3023,759,,primary 2026,https://earlyvotecounts.bexar.org/ (Wayback capture http://web.archive.org/web/20260306200258/https://earlyvotecounts.bexar.org/)
Hidalgo,Fireman's Pumphouse,3750,2602,1148,,primary 2026,https://www.hidalgocounty.us/DocumentCenter/View/72057/EV-SUBS
Collin,Collin County Elections,3747,1791,,yes,Dem primary only; total est. x2.09,talarico-archive tag
Bexar,Northside Activity Center,3733,2836,897,,primary 2026,https://earlyvotecounts.bexar.org/ (Wayback capture http://web.archive.org/web/20260306200258/https://earlyvotecounts.bexar.org/)
Bexar,Christian Family Baptist Church,3725,2506,1219,,primary 2026,https://earlyvotecounts.bexar.org/ (Wayback capture http://web.archive.org/web/20260306200258/https://earlyvotecounts.bexar.org/)
Bexar,Helotes City Hall,3702,2096,1606,,primary 2026,https://earlyvotecounts.bexar.org/ (Wayback capture http://web.archive.org/web/20260306200258/https://earlyvotecounts.bexar.org/)
Harris,Lone Star College Victory Center,3690,3119,571,yes,"primary thru 2/25, scaled x1.58/x1.49",http://web.archive.org/web/20260226212822/https://appfiles.harrisvotes.com/harrisvotes/prd/docs/Uploads/EVPA_unofficial.pdf
Travis,Christ Episcopal Church,3684,1927,1757,,primary 2026,https://votetravis.gov/wp-content/uploads/P26-Daily-Totals-1.zip
Harris,Moody Park Community Center,3678,3141,537,yes,"primary thru 2/25, scaled x1.58/x1.49",http://web.archive.org/web/20260226212822/https://appfiles.harrisvotes.com/harrisvotes/prd/docs/Uploads/EVPA_unofficial.pdf
Hidalgo,Franklin D. Roosevelt Complex,3667,2787,880,,primary 2026,https://www.hidalgocounty.us/DocumentCenter/View/72057/EV-SUBS
Cameron,Harlingen County Annex Bldg.,3631,2050,1581,,primary 2026,https://www.cameroncountytx.gov/elections/wp-content/uploads/2026/02/01_2026_DEMOCRATIC_PRIMARY2-27-2026.pdf ; https://www.cameroncountytx.gov/elections/wp-content/uploads/2026/02/02_2026_REPUBLICAN_PRIMARY2-27-2026.pdf
Tarrant,Charles F Griffin Building,3631,3473,158,,primary 2026,https://www.tarrantcountytx.gov/content/dam/main/elections/2026/pm26/ev_reports/Early_Voting_Daily_Totals.pdf
Bexar,University of Texas at San Antonio,3616,2927,689,,primary 2026,https://earlyvotecounts.bexar.org/ (Wayback capture http://web.archive.org/web/20260306200258/https://earlyvotecounts.bexar.org/)
Fort Bend,JACKS CONFERENCE CENTER,3599,1597,2002,,primary 2026,https://www.fortbendcountytx.gov/sites/default/files/document-central/document-central/elections-documents/elections-results/2026/Early-Voting-by-Personal-Appearance-Statistics_9.xlsx
Tarrant,Legacy Learning Center Northwest ISD,3588,1512,2076,,primary 2026,https://www.tarrantcountytx.gov/content/dam/main/elections/2026/pm26/ev_reports/Early_Voting_Daily_Totals.pdf
Tarrant,City of Forest Hill City Hall,3580,3243,337,,primary 2026,https://www.tarrantcountytx.gov/content/dam/main/elections/2026/pm26/ev_reports/Early_Voting_Daily_Totals.pdf
Dallas,Dallas College-Pleasant Grove Ctr,3573,3333,240,,primary 2026,https://www.dallascountyvotes.org/wp-content/uploads/2026/02/Early-Voting-Turnout-By-Date-Location-Party-Report_02.28.26.xlsx
Denton,Flower Mound Senior Center,3554,,,yes,Nov 2024 general x0.31,votedenton.gov 1124_11-01_ev_by_day_poll_pad.pdf
Denton,Flower Mound Community Activity Center,3525,,,yes,Nov 2024 general x0.31,votedenton.gov 1124_11-01_ev_by_day_poll_pad.pdf
Tarrant,Southside Community Center,3521,3169,352,,primary 2026,https://www.tarrantcountytx.gov/content/dam/main/elections/2026/pm26/ev_reports/Early_Voting_Daily_Totals.pdf
Fort Bend,ROSENBERG ANNEX,3473,2171,1302,,primary 2026,https://www.fortbendcountytx.gov/sites/default/files/document-central/document-central/elections-documents/elections-results/2026/Early-Voting-by-Personal-Appearance-Statistics_9.xlsx
Williamson,Anderson Mill Limited District,3473,,,,primary 2026,https://www.wilcotx.gov/DocumentCenter/View/18720/Unofficial-Early-Voting-Summary-for-the-March-3-2026-Primary
Denton,Highland Village Municipal Complex,3433,,,yes,Nov 2024 general x0.31,votedenton.gov 1124_11-01_ev_by_day_poll_pad.pdf
Dallas,Farmers Branch Manske Library,3415,2202,1213,,primary 2026,https://www.dallascountyvotes.org/wp-content/uploads/2026/02/Early-Voting-Turnout-By-Date-Location-Party-Report_02.28.26.xlsx
Denton,Steven E. Copeland Government Center,3400,,,yes,Nov 2024 general x0.31,votedenton.gov 1124_11-01_ev_by_day_poll_pad.pdf
Travis,Travis County Clerk,3374,3184,190,,primary 2026,https://votetravis.gov/wp-content/uploads/P26-Daily-Totals-1.zip
Webb,Cigarroa Rec. Center,3363,3112,251,,primary 2026,https://www.webbcountytx.gov/DocumentCenter/View/2280/Daily-Totals-PDF
Fort Bend,QUAIL VALLEY FUND OFFICE,3344,2077,1267,,primary 2026,https://www.fortbendcountytx.gov/sites/default/files/document-central/document-central/elections-documents/elections-results/2026/Early-Voting-by-Personal-Appearance-Statistics_9.xlsx
Harris,BakerRipley Ripley House,3323,2949,374,yes,"primary thru 2/25, scaled x1.58/x1.49",http://web.archive.org/web/20260226212822/https://appfiles.harrisvotes.com/harrisvotes/prd/docs/Uploads/EVPA_unofficial.pdf
Harris,Hilton Houston Post Oak by the Galleria,3321,1928,1393,yes,"primary thru 2/25, scaled x1.58/x1.49",http://web.archive.org/web/20260226212822/https://appfiles.harrisvotes.com/harrisvotes/prd/docs/Uploads/EVPA_unofficial.pdf
Hidalgo,San Juan Memorial Library,3320,2784,536,,primary 2026,https://www.hidalgocounty.us/DocumentCenter/View/72057/EV-SUBS
Harris,HCC Southeast College Building C Parking Garage,3319,2746,573,yes,"primary thru 2/25, scaled x1.58/x1.49",http://web.archive.org/web/20260226212822/https://appfiles.harrisvotes.com/harrisvotes/prd/docs/Uploads/EVPA_unofficial.pdf
Dallas,Skyline Branch Library,3311,3068,243,,primary 2026,https://www.dallascountyvotes.org/wp-content/uploads/2026/02/Early-Voting-Turnout-By-Date-Location-Party-Report_02.28.26.xlsx
Collin,Frisco Fire Station #8,3304,1579,,yes,Dem primary only; total est. x2.09,talarico-archive tag
Williamson,Georgetown Annex,3302,,,,primary 2026,https://www.wilcotx.gov/DocumentCenter/View/18720/Unofficial-Early-Voting-Summary-for-the-March-3-2026-Primary
Bexar,Schaefer Branch Library,3296,1984,1312,,primary 2026,https://earlyvotecounts.bexar.org/ (Wayback capture http://web.archive.org/web/20260306200258/https://earlyvotecounts.bexar.org/)
Collin,Prosper Town Hall,3268,1562,,yes,Dem primary only; total est. x2.09,talarico-archive tag
Fort Bend,LOST CREEK CONFERENCE CENTER,3262,1684,1578,,primary 2026,https://www.fortbendcountytx.gov/sites/default/files/document-central/document-central/elections-documents/elections-results/2026/Early-Voting-by-Personal-Appearance-Statistics_9.xlsx
Harris,Sterling Municipal Library,3260,1684,1576,yes,"primary thru 2/25, scaled x1.58/x1.49",http://web.archive.org/web/20260226212822/https://appfiles.harrisvotes.com/harrisvotes/prd/docs/Uploads/EVPA_unofficial.pdf
Harris,Crosby Community Center,3257,1073,2184,yes,"primary thru 2/25, scaled x1.58/x1.49",http://web.archive.org/web/20260226212822/https://appfiles.harrisvotes.com/harrisvotes/prd/docs/Uploads/EVPA_unofficial.pdf
Denton,Corinth City Hall,3256,,,yes,Nov 2024 general x0.31,votedenton.gov 1124_11-01_ev_by_day_poll_pad.pdf
Tarrant,Brookside Center,3253,1555,1698,,primary 2026,https://www.tarrantcountytx.gov/content/dam/main/elections/2026/pm26/ev_reports/Early_Voting_Daily_Totals.pdf
Travis,Gus Garcia Recreation Center,3251,2882,369,,primary 2026,https://votetravis.gov/wp-content/uploads/P26-Daily-Totals-1.zip
Dallas,Sachse City Hall,3250,1561,1689,,primary 2026,https://www.dallascountyvotes.org/wp-content/uploads/2026/02/Early-Voting-Turnout-By-Date-Location-Party-Report_02.28.26.xlsx
Tarrant,Tarrant County Plaza Building,3244,1995,1249,,primary 2026,https://www.tarrantcountytx.gov/content/dam/main/elections/2026/pm26/ev_reports/Early_Voting_Daily_Totals.pdf
Denton,Rosemeade Recreation Center,3222,,,yes,Nov 2024 general x0.31,votedenton.gov 1124_11-01_ev_by_day_poll_pad.pdf
Harris,Raindrop Turkish House,3219,2732,487,yes,"primary thru 2/25, scaled x1.58/x1.49",http://web.archive.org/web/20260226212822/https://appfiles.harrisvotes.com/harrisvotes/prd/docs/Uploads/EVPA_unofficial.pdf
Bexar,Johnston Branch Library,3213,2303,910,,primary 2026,https://earlyvotecounts.bexar.org/ (Wayback capture http://web.archive.org/web/20260306200258/https://earlyvotecounts.bexar.org/)
El Paso,El Paso County Eastside Annex,3191,2233,958,,primary 2026,https://ep-county-elections-production.s3.amazonaws.com/documents/files/000/006/527/original/DEM_Early_Voting_Statistics.pdf ; https://ep-county-elections-production.s3.amazonaws.com/documents/files/000/006/525/original/REP_Early_Voting_Statistics.pdf
Bexar,Precinct 3 Satellite Office,3183,1622,1561,,primary 2026,https://earlyvotecounts.bexar.org/ (Wayback capture http://web.archive.org/web/20260306200258/https://earlyvotecounts.bexar.org/)
Harris,BakerRipley Pasadena Campus,3180,2134,1046,yes,"primary thru 2/25, scaled x1.58/x1.49",http://web.archive.org/web/20260226212822/https://appfiles.harrisvotes.com/harrisvotes/prd/docs/Uploads/EVPA_unofficial.pdf
Travis,Circle C Community Center,3179,2506,673,,primary 2026,https://votetravis.gov/wp-content/uploads/P26-Daily-Totals-1.zip
El Paso,YWCA-West,3172,1813,1359,,primary 2026,https://ep-county-elections-production.s3.amazonaws.com/documents/files/000/006/527/original/DEM_Early_Voting_Statistics.pdf ; https://ep-county-elections-production.s3.amazonaws.com/documents/files/000/006/525/original/REP_Early_Voting_Statistics.pdf
Travis,George Morales Dove Springs Recreation Center,3148,2876,272,,primary 2026,https://votetravis.gov/wp-content/uploads/P26-Daily-Totals-1.zip
Cameron,Harlingen Cultural Arts Center,3137,1947,1190,,primary 2026,https://www.cameroncountytx.gov/elections/wp-content/uploads/2026/02/01_2026_DEMOCRATIC_PRIMARY2-27-2026.pdf ; https://www.cameroncountytx.gov/elections/wp-content/uploads/2026/02/02_2026_REPUBLICAN_PRIMARY2-27-2026.pdf
Denton,Thrive Recreation Center,3111,,,yes,Nov 2024 general x0.31,votedenton.gov 1124_11-01_ev_by_day_poll_pad.pdf
Bexar,Guerra Branch Library,3096,2405,691,,primary 2026,https://earlyvotecounts.bexar.org/ (Wayback capture http://web.archive.org/web/20260306200258/https://earlyvotecounts.bexar.org/)
Collin,McKinney Fire Station #7,3092,1478,,yes,Dem primary only; total est. x2.09,talarico-archive tag
Travis,Austin Permitting and Development Center,3080,2917,163,,primary 2026,https://votetravis.gov/wp-content/uploads/P26-Daily-Totals-1.zip
Harris,Wyndham Houston near NRG Park Medical Center,3048,2513,535,yes,"primary thru 2/25, scaled x1.58/x1.49",http://web.archive.org/web/20260226212822/https://appfiles.harrisvotes.com/harrisvotes/prd/docs/Uploads/EVPA_unofficial.pdf
Fort Bend,KROGER RIVERSTONE,3035,1781,1254,,primary 2026,https://www.fortbendcountytx.gov/sites/default/files/document-central/document-central/elections-documents/elections-results/2026/Early-Voting-by-Personal-Appearance-Statistics_9.xlsx
Hidalgo,Bannworth Gym,3016,2069,947,,primary 2026,https://www.hidalgocounty.us/DocumentCenter/View/72057/EV-SUBS
Harris,Tom Bass Park Community Center Section Three,3014,2821,193,yes,"primary thru 2/25, scaled x1.58/x1.49",http://web.archive.org/web/20260226212822/https://appfiles.harrisvotes.com/harrisvotes/prd/docs/Uploads/EVPA_unofficial.pdf
Williamson,Taylor City Hall,3004,,,,primary 2026,https://www.wilcotx.gov/DocumentCenter/View/18720/Unofficial-Early-Voting-Summary-for-the-March-3-2026-Primary
Travis,Austin City Hall,2996,2550,446,,primary 2026,https://votetravis.gov/wp-content/uploads/P26-Daily-Totals-1.zip
El Paso,Bassett Place,2970,2374,596,,primary 2026,https://ep-county-elections-production.s3.amazonaws.com/documents/files/000/006/527/original/DEM_Early_Voting_Statistics.pdf ; https://ep-county-elections-production.s3.amazonaws.com/documents/files/000/006/525/original/REP_Early_Voting_Statistics.pdf
Brazoria,Pct. 4 North Annex,2960,2384,576,,primary 2026,https://www.brazoriacountyclerktx.gov/home/showpublisheddocument/29250/639078286362930000 (DEM; via web.archive.org/web/20260306001741) ; https://www.brazoriacountyclerktx.gov/home/showpublisheddocument/29248/639078206102900000 (REP; via web.archive.org/web/20260306001833)
Collin,McKinney Fire Station #5,2956,1413,,yes,Dem primary only; total est. x2.09,talarico-archive tag
Dallas,Paul L Dunbar Library,2938,2887,51,,primary 2026,https://www.dallascountyvotes.org/wp-content/uploads/2026/02/Early-Voting-Turnout-By-Date-Location-Party-Report_02.28.26.xlsx
Hidalgo,"Jose ""Pepe"" Salinas Center",2933,2286,647,,primary 2026,https://www.hidalgocounty.us/DocumentCenter/View/72057/EV-SUBS
Williamson,City of Georgetown Fire Station #6,2933,,,,primary 2026,https://www.wilcotx.gov/DocumentCenter/View/18720/Unofficial-Early-Voting-Summary-for-the-March-3-2026-Primary
Dallas,Mountain Creek Library,2928,2528,400,,primary 2026,https://www.dallascountyvotes.org/wp-content/uploads/2026/02/Early-Voting-Turnout-By-Date-Location-Party-Report_02.28.26.xlsx
Nueces,Hilltop Community Center,2925,1032,1893,,primary 2026,https://www.nuecesco.com/home/showpublisheddocument/33305/639092555266430000
Webb,City Hall Annex,2915,2468,447,,primary 2026,https://www.webbcountytx.gov/DocumentCenter/View/2280/Daily-Totals-PDF
Fort Bend,GREAT OAKS BAPTIST CHURCH,2908,1218,1690,,primary 2026,https://www.fortbendcountytx.gov/sites/default/files/document-central/document-central/elections-documents/elections-results/2026/Early-Voting-by-Personal-Appearance-Statistics_9.xlsx
Fort Bend,CHASEWOOD CLUBHOUSE,2896,2824,72,,primary 2026,https://www.fortbendcountytx.gov/sites/default/files/document-central/document-central/elections-documents/elections-results/2026/Early-Voting-by-Personal-Appearance-Statistics_9.xlsx
Dallas,MLK Jr Branch Library,2887,2823,64,,primary 2026,https://www.dallascountyvotes.org/wp-content/uploads/2026/02/Early-Voting-Turnout-By-Date-Location-Party-Report_02.28.26.xlsx
Collin,Collin College McKinney Campus,2879,1376,,yes,Dem primary only; total est. x2.09,talarico-archive tag
Bexar,San Antonio College,2872,2509,363,,primary 2026,https://earlyvotecounts.bexar.org/ (Wayback capture http://web.archive.org/web/20260306200258/https://earlyvotecounts.bexar.org/)
Denton,Little Elm Town Hall,2870,,,yes,Nov 2024 general x0.31,votedenton.gov 1124_11-01_ev_by_day_poll_pad.pdf
Bexar,Bexar County Justice Center,2868,2193,675,,primary 2026,https://earlyvotecounts.bexar.org/ (Wayback capture http://web.archive.org/web/20260306200258/https://earlyvotecounts.bexar.org/)
Travis,RRISD Hartfield Performing Arts Center,2851,2393,458,,primary 2026,https://votetravis.gov/wp-content/uploads/P26-Daily-Totals-1.zip
Bexar,Thousand Oaks Branch Library,2849,1990,859,,primary 2026,https://earlyvotecounts.bexar.org/ (Wayback capture http://web.archive.org/web/20260306200258/https://earlyvotecounts.bexar.org/)
Dallas,Addison Town Hall,2849,1969,880,,primary 2026,https://www.dallascountyvotes.org/wp-content/uploads/2026/02/Early-Voting-Turnout-By-Date-Location-Party-Report_02.28.26.xlsx
Hidalgo,Elsa Municipal Court,2849,2602,247,,primary 2026,https://www.hidalgocounty.us/DocumentCenter/View/72057/EV-SUBS
Denton,Frederick P. Herring Recreation Center,2846,,,yes,Nov 2024 general x0.31,votedenton.gov 1124_11-01_ev_by_day_poll_pad.pdf
Harris,Kashmere MultiService Center,2817,2733,84,yes,"primary thru 2/25, scaled x1.58/x1.49",http://web.archive.org/web/20260226212822/https://appfiles.harrisvotes.com/harrisvotes/prd/docs/Uploads/EVPA_unofficial.pdf
El Paso,Officer David Ortiz Recreation Center,2812,2331,481,,primary 2026,https://ep-county-elections-production.s3.amazonaws.com/documents/files/000/006/527/original/DEM_Early_Voting_Statistics.pdf ; https://ep-county-elections-production.s3.amazonaws.com/documents/files/000/006/525/original/REP_Early_Voting_Statistics.pdf
Dallas,Crosswinds High School,2800,1903,897,,primary 2026,https://www.dallascountyvotes.org/wp-content/uploads/2026/02/Early-Voting-Turnout-By-Date-Location-Party-Report_02.28.26.xlsx
Harris,Bay Area Community Center,2782,1123,1659,yes,"primary thru 2/25, scaled x1.58/x1.49",http://web.archive.org/web/20260226212822/https://appfiles.harrisvotes.com/harrisvotes/prd/docs/Uploads/EVPA_unofficial.pdf
Bexar,Memorial Branch Library,2775,2382,393,,primary 2026,https://earlyvotecounts.bexar.org/ (Wayback capture http://web.archive.org/web/20260306200258/https://earlyvotecounts.bexar.org/)
Denton,Denton Civic Center,2774,,,yes,Nov 2024 general x0.31,votedenton.gov 1124_11-01_ev_by_day_poll_pad.pdf
Travis,Dan Ruiz Branch Library,2767,2572,195,,primary 2026,https://votetravis.gov/wp-content/uploads/P26-Daily-Totals-1.zip
Cameron,San Benito Community Bldg.,2739,2031,708,,primary 2026,https://www.cameroncountytx.gov/elections/wp-content/uploads/2026/02/01_2026_DEMOCRATIC_PRIMARY2-27-2026.pdf ; https://www.cameroncountytx.gov/elections/wp-content/uploads/2026/02/02_2026_REPUBLICAN_PRIMARY2-27-2026.pdf
Collin,Wylie Community Park Center,2716,1298,,yes,Dem primary only; total est. x2.09,talarico-archive tag
Nueces,Nueces County Courthouse,2706,1571,1135,,primary 2026,https://www.nuecesco.com/home/showpublisheddocument/33305/639092555266430000
Dallas,Dallas College-West Dallas Center,2696,2549,147,,primary 2026,https://www.dallascountyvotes.org/wp-content/uploads/2026/02/Early-Voting-Turnout-By-Date-Location-Party-Report_02.28.26.xlsx
Tarrant,Tarrant County College Northwest Campus,2642,1749,893,,primary 2026,https://www.tarrantcountytx.gov/content/dam/main/elections/2026/pm26/ev_reports/Early_Voting_Daily_Totals.pdf
Dallas,Dallas College-R Jan LeCroy Ctr,2637,2000,637,,primary 2026,https://www.dallascountyvotes.org/wp-content/uploads/2026/02/Early-Voting-Turnout-By-Date-Location-Party-Report_02.28.26.xlsx
Dallas,Martin Weiss Recreation Center,2616,2301,315,,primary 2026,https://www.dallascountyvotes.org/wp-content/uploads/2026/02/Early-Voting-Turnout-By-Date-Location-Party-Report_02.28.26.xlsx
Tarrant,Dover Fellowship Hall,2614,1177,1437,,primary 2026,https://www.tarrantcountytx.gov/content/dam/main/elections/2026/pm26/ev_reports/Early_Voting_Daily_Totals.pdf
Denton,Flower Mound Public Library,2608,,,yes,Nov 2024 general x0.31,votedenton.gov 1124_11-01_ev_by_day_poll_pad.pdf
Dallas,Harry Stone Recreation Center,2596,2073,523,,primary 2026,https://www.dallascountyvotes.org/wp-content/uploads/2026/02/Early-Voting-Turnout-By-Date-Location-Party-Report_02.28.26.xlsx
Harris,Lone Star College North Harris,2561,2138,423,yes,"primary thru 2/25, scaled x1.58/x1.49",http://web.archive.org/web/20260226212822/https://appfiles.harrisvotes.com/harrisvotes/prd/docs/Uploads/EVPA_unofficial.pdf
Bexar,Bexar County Elections Department,2559,2118,441,,primary 2026,https://earlyvotecounts.bexar.org/ (Wayback capture http://web.archive.org/web/20260306200258/https://earlyvotecounts.bexar.org/)
El Paso,Arlington Park Shelter,2554,1693,861,,primary 2026,https://ep-county-elections-production.s3.amazonaws.com/documents/files/000/006/527/original/DEM_Early_Voting_Statistics.pdf ; https://ep-county-elections-production.s3.amazonaws.com/documents/files/000/006/525/original/REP_Early_Voting_Statistics.pdf
Denton,North Branch Library,2532,,,yes,Nov 2024 general x0.31,votedenton.gov 1124_11-01_ev_by_day_poll_pad.pdf
Denton,Celina Fire Station #3,2519,,,yes,Nov 2024 general x0.31,votedenton.gov 1124_11-01_ev_by_day_poll_pad.pdf
El Paso,The Shoppes at Solana,2493,1729,764,,primary 2026,https://ep-county-elections-production.s3.amazonaws.com/documents/files/000/006/527/original/DEM_Early_Voting_Statistics.pdf ; https://ep-county-elections-production.s3.amazonaws.com/documents/files/000/006/525/original/REP_Early_Voting_Statistics.pdf
Harris,Harris County Attorney Conference Center,2493,2056,437,yes,"primary thru 2/25, scaled x1.58/x1.49",http://web.archive.org/web/20260226212822/https://appfiles.harrisvotes.com/harrisvotes/prd/docs/Uploads/EVPA_unofficial.pdf
Dallas,Grauwyler Park Recreation Center,2475,2044,431,,primary 2026,https://www.dallascountyvotes.org/wp-content/uploads/2026/02/Early-Voting-Turnout-By-Date-Location-Party-Report_02.28.26.xlsx
El Paso,Esperanza Acosta Moreno Library,2467,1871,596,,primary 2026,https://ep-county-elections-production.s3.amazonaws.com/documents/files/000/006/527/original/DEM_Early_Voting_Statistics.pdf ; https://ep-county-elections-production.s3.amazonaws.com/documents/files/000/006/525/original/REP_Early_Voting_Statistics.pdf
Hidalgo,Sgt. Fernando De La Rosa Library,2434,1794,640,,primary 2026,https://www.hidalgocounty.us/DocumentCenter/View/72057/EV-SUBS
Denton,Roanoke Public Library,2426,,,yes,Nov 2024 general x0.31,votedenton.gov 1124_11-01_ev_by_day_poll_pad.pdf
Collin,Anna Municipal Complex,2417,1155,,yes,Dem primary only; total est. x2.09,talarico-archive tag
Dallas,Balch Springs Recreation Center,2406,2099,307,,primary 2026,https://www.dallascountyvotes.org/wp-content/uploads/2026/02/Early-Voting-Turnout-By-Date-Location-Party-Report_02.28.26.xlsx
Collin,Princeton Municipal Center,2389,1142,,yes,Dem primary only; total est. x2.09,talarico-archive tag
Harris,J D Walker Community Center,2387,1396,991,yes,"primary thru 2/25, scaled x1.58/x1.49",http://web.archive.org/web/20260226212822/https://appfiles.harrisvotes.com/harrisvotes/prd/docs/Uploads/EVPA_unofficial.pdf
Travis,Balcones Bingo,2381,1716,665,,primary 2026,https://votetravis.gov/wp-content/uploads/P26-Daily-Totals-1.zip
Bexar,Precinct 1 Satellite Office,2370,1736,634,,primary 2026,https://earlyvotecounts.bexar.org/ (Wayback capture http://web.archive.org/web/20260306200258/https://earlyvotecounts.bexar.org/)
Dallas,Dallas County Records Bldg,2337,2071,266,,primary 2026,https://www.dallascountyvotes.org/wp-content/uploads/2026/02/Early-Voting-Turnout-By-Date-Location-Party-Report_02.28.26.xlsx
Williamson,Georgetown City Hall,2336,,,,primary 2026,https://www.wilcotx.gov/DocumentCenter/View/18720/Unofficial-Early-Voting-Summary-for-the-March-3-2026-Primary
Dallas,Islamic Association of North Texas,2296,1848,448,,primary 2026,https://www.dallascountyvotes.org/wp-content/uploads/2026/02/Early-Voting-Turnout-By-Date-Location-Party-Report_02.28.26.xlsx
Bexar,Claude Black Community Center,2292,2177,115,,primary 2026,https://earlyvotecounts.bexar.org/ (Wayback capture http://web.archive.org/web/20260306200258/https://earlyvotecounts.bexar.org/)
Denton,Frisco Government Center,2276,,,yes,Nov 2024 general x0.31,votedenton.gov 1124_11-01_ev_by_day_poll_pad.pdf
Dallas,Florence Recreation Center,2271,1523,748,,primary 2026,https://www.dallascountyvotes.org/wp-content/uploads/2026/02/Early-Voting-Turnout-By-Date-Location-Party-Report_02.28.26.xlsx
Webb,Laredo Medical,2264,1982,282,,primary 2026,https://www.webbcountytx.gov/DocumentCenter/View/2280/Daily-Totals-PDF
Bexar,Kirby City Hall,2261,1721,540,,primary 2026,https://earlyvotecounts.bexar.org/ (Wayback capture http://web.archive.org/web/20260306200258/https://earlyvotecounts.bexar.org/)
Travis,Cepeda Branch Library,2244,2128,116,,primary 2026,https://votetravis.gov/wp-content/uploads/P26-Daily-Totals-1.zip
Collin,The Grove at Frisco Commons,2232,1067,,yes,Dem primary only; total est. x2.09,talarico-archive tag
Dallas,Kiest Recreation Center,2216,2051,165,,primary 2026,https://www.dallascountyvotes.org/wp-content/uploads/2026/02/Early-Voting-Turnout-By-Date-Location-Party-Report_02.28.26.xlsx
Denton,Trophy Club MUD No. 1 Building,2208,,,yes,Nov 2024 general x0.31,votedenton.gov 1124_11-01_ev_by_day_poll_pad.pdf
Denton,Artesia Community Center,2173,,,yes,Nov 2024 general x0.31,votedenton.gov 1124_11-01_ev_by_day_poll_pad.pdf
Dallas,Irving Arts Center,2170,1290,880,,primary 2026,https://www.dallascountyvotes.org/wp-content/uploads/2026/02/Early-Voting-Turnout-By-Date-Location-Party-Report_02.28.26.xlsx
Tarrant,Haltom City Senior Center,2161,1057,1104,,primary 2026,https://www.tarrantcountytx.gov/content/dam/main/elections/2026/pm26/ev_reports/Early_Voting_Daily_Totals.pdf
Webb,Billy Hall Admin,2161,1924,237,,primary 2026,https://www.webbcountytx.gov/DocumentCenter/View/2280/Daily-Totals-PDF
Travis,Riverbend Centre,2140,1264,876,,primary 2026,https://votetravis.gov/wp-content/uploads/P26-Daily-Totals-1.zip
Fort Bend,FBC ESD NO. 4 ADMIN BLDG,2130,480,1650,,primary 2026,https://www.fortbendcountytx.gov/sites/default/files/document-central/document-central/elections-documents/elections-results/2026/Early-Voting-by-Personal-Appearance-Statistics_9.xlsx
Dallas,Highland Hills Library,2120,2087,33,,primary 2026,https://www.dallascountyvotes.org/wp-content/uploads/2026/02/Early-Voting-Turnout-By-Date-Location-Party-Report_02.28.26.xlsx
Williamson,Park at Crystal Falls,2108,,,,primary 2026,https://www.wilcotx.gov/DocumentCenter/View/18720/Unofficial-Early-Voting-Summary-for-the-March-3-2026-Primary
Denton,Denton County Elections Administration,2103,,,yes,Nov 2024 general x0.31,votedenton.gov 1124_11-01_ev_by_day_poll_pad.pdf
Denton,Castle Hills Community Center,2093,,,yes,Nov 2024 general x0.31,votedenton.gov 1124_11-01_ev_by_day_poll_pad.pdf
Collin,Frisco Fire Station #5,2088,998,,yes,Dem primary only; total est. x2.09,talarico-archive tag
Nueces,Greenwood Senior Center,2079,1735,344,,primary 2026,https://www.nuecesco.com/home/showpublisheddocument/33305/639092555266430000
Harris,BakerRipley East Aldine Campus,2073,1741,332,yes,"primary thru 2/25, scaled x1.58/x1.49",http://web.archive.org/web/20260226212822/https://appfiles.harrisvotes.com/harrisvotes/prd/docs/Uploads/EVPA_unofficial.pdf
Dallas,Glenn Heights Family Center,2066,1880,186,,primary 2026,https://www.dallascountyvotes.org/wp-content/uploads/2026/02/Early-Voting-Turnout-By-Date-Location-Party-Report_02.28.26.xlsx
Harris,FountainLife Center,2064,1903,161,yes,"primary thru 2/25, scaled x1.58/x1.49",http://web.archive.org/web/20260226212822/https://appfiles.harrisvotes.com/harrisvotes/prd/docs/Uploads/EVPA_unofficial.pdf
Brazoria,Keith Traylor Criminal,2049,1128,921,,primary 2026,https://www.brazoriacountyclerktx.gov/home/showpublisheddocument/29250/639078286362930000 (DEM; via web.archive.org/web/20260306001741) ; https://www.brazoriacountyclerktx.gov/home/showpublisheddocument/29248/639078206102900000 (REP; via web.archive.org/web/20260306001833)
Fort Bend,FIRETHORNE CLUBOUSE,2046,868,1178,,primary 2026,https://www.fortbendcountytx.gov/sites/default/files/document-central/document-central/elections-documents/elections-results/2026/Early-Voting-by-Personal-Appearance-Statistics_9.xlsx
Travis,Christ Our Savior Lutheran Church,2046,770,1276,,primary 2026,https://votetravis.gov/wp-content/uploads/P26-Daily-Totals-1.zip
Bexar,Woodlawn Pointe Center Community,2043,1812,231,,primary 2026,https://earlyvotecounts.bexar.org/ (Wayback capture http://web.archive.org/web/20260306200258/https://earlyvotecounts.bexar.org/)
Brazoria,Brazoria,2039,482,1557,,primary 2026,https://www.brazoriacountyclerktx.gov/home/showpublisheddocument/29250/639078286362930000 (DEM; via web.archive.org/web/20260306001741) ; https://www.brazoriacountyclerktx.gov/home/showpublisheddocument/29248/639078206102900000 (REP; via web.archive.org/web/20260306001833)
Nueces,Ethel Eyerly Senior Center,2039,652,1387,,primary 2026,https://www.nuecesco.com/home/showpublisheddocument/33305/639092555266430000
Travis,LBJ School of Public Affairs,2039,1922,117,,primary 2026,https://votetravis.gov/wp-content/uploads/P26-Daily-Totals-1.zip
Denton,University of North Texas-Gateway Center,2034,,,yes,Nov 2024 general x0.31,votedenton.gov 1124_11-01_ev_by_day_poll_pad.pdf
Bexar,Cortez Branch Library,2024,1640,384,,primary 2026,https://earlyvotecounts.bexar.org/ (Wayback capture http://web.archive.org/web/20260306200258/https://earlyvotecounts.bexar.org/)
Collin,Collin College Higher Education Center,2009,960,,yes,Dem primary only; total est. x2.09,talarico-archive tag
Fort Bend,MEADOWS PLACE CITY HALL,2005,1156,849,,primary 2026,https://www.fortbendcountytx.gov/sites/default/files/document-central/document-central/elections-documents/elections-results/2026/Early-Voting-by-Personal-Appearance-Statistics_9.xlsx
Williamson,Spicewood Springs Library,2003,,,,primary 2026,https://www.wilcotx.gov/DocumentCenter/View/18720/Unofficial-Early-Voting-Summary-for-the-March-3-2026-Primary
Hidalgo,"Pct.3 ""The Mansion""",1986,1653,333,,primary 2026,https://www.hidalgocounty.us/DocumentCenter/View/72057/EV-SUBS
El Paso,Gary Del Palacio Recreation Center,1985,1455,530,,primary 2026,https://ep-county-elections-production.s3.amazonaws.com/documents/files/000/006/527/original/DEM_Early_Voting_Statistics.pdf ; https://ep-county-elections-production.s3.amazonaws.com/documents/files/000/006/525/original/REP_Early_Voting_Statistics.pdf
Denton,Sanger Community Center,1985,,,yes,Nov 2024 general x0.31,votedenton.gov 1124_11-01_ev_by_day_poll_pad.pdf
Harris,John Phelps Courthouse,1982,1383,599,yes,"primary thru 2/25, scaled x1.58/x1.49",http://web.archive.org/web/20260226212822/https://appfiles.harrisvotes.com/harrisvotes/prd/docs/Uploads/EVPA_unofficial.pdf
Williamson,Hartfield Pac At McNeil HS,1967,,,,primary 2026,https://www.wilcotx.gov/DocumentCenter/View/18720/Unofficial-Early-Voting-Summary-for-the-March-3-2026-Primary
Collin,Melissa City Hall,1967,940,,yes,Dem primary only; total est. x2.09,talarico-archive tag
Tarrant,Azle ISD PD,1935,526,1409,,primary 2026,https://www.tarrantcountytx.gov/content/dam/main/elections/2026/pm26/ev_reports/Early_Voting_Daily_Totals.pdf
Dallas,Vietnamese Community Center,1913,877,1036,,primary 2026,https://www.dallascountyvotes.org/wp-content/uploads/2026/02/Early-Voting-Turnout-By-Date-Location-Party-Report_02.28.26.xlsx
Tarrant,Tarrant County Election Center,1890,1467,423,,primary 2026,https://www.tarrantcountytx.gov/content/dam/main/elections/2026/pm26/ev_reports/Early_Voting_Daily_Totals.pdf
Collin,Collin College Celina Campus,1883,900,,yes,Dem primary only; total est. x2.09,talarico-archive tag
Dallas,Our Redeemer Lutheran Church-GP,1875,1328,547,,primary 2026,https://www.dallascountyvotes.org/wp-content/uploads/2026/02/Early-Voting-Turnout-By-Date-Location-Party-Report_02.28.26.xlsx
Dallas,Dallas College-Eastfield Campus,1874,1631,243,,primary 2026,https://www.dallascountyvotes.org/wp-content/uploads/2026/02/Early-Voting-Turnout-By-Date-Location-Party-Report_02.28.26.xlsx
Denton,Northlake Town Hall,1869,,,yes,Nov 2024 general x0.31,votedenton.gov 1124_11-01_ev_by_day_poll_pad.pdf
Brazoria,West Columbia,1858,314,1544,,primary 2026,https://www.brazoriacountyclerktx.gov/home/showpublisheddocument/29250/639078286362930000 (DEM; via web.archive.org/web/20260306001741) ; https://www.brazoriacountyclerktx.gov/home/showpublisheddocument/29248/639078206102900000 (REP; via web.archive.org/web/20260306001833)
Cameron,Los Fresnos Community Center,1855,1337,518,,primary 2026,https://www.cameroncountytx.gov/elections/wp-content/uploads/2026/02/01_2026_DEMOCRATIC_PRIMARY2-27-2026.pdf ; https://www.cameroncountytx.gov/elections/wp-content/uploads/2026/02/02_2026_REPUBLICAN_PRIMARY2-27-2026.pdf
Nueces,Carroll High School,1849,1078,771,,primary 2026,https://www.nuecesco.com/home/showpublisheddocument/33305/639092555266430000
Nueces,Island Presbyterian Church,1829,416,1413,,primary 2026,https://www.nuecesco.com/home/showpublisheddocument/33305/639092555266430000
Denton,Argyle Town Hall,1828,,,yes,Nov 2024 general x0.31,votedenton.gov 1124_11-01_ev_by_day_poll_pad.pdf
Dallas,Dallas College-Brookhaven Campus,1812,1387,425,,primary 2026,https://www.dallascountyvotes.org/wp-content/uploads/2026/02/Early-Voting-Turnout-By-Date-Location-Party-Report_02.28.26.xlsx
Denton,Justin Municipal Complex,1810,,,yes,Nov 2024 general x0.31,votedenton.gov 1124_11-01_ev_by_day_poll_pad.pdf
Fort Bend,CROCKETT MIDDLE SCHOOL,1799,1371,428,,primary 2026,https://www.fortbendcountytx.gov/sites/default/files/document-central/document-central/elections-documents/elections-results/2026/Early-Voting-by-Personal-Appearance-Statistics_9.xlsx
Bexar,Collins Garden Branch Library,1782,1538,244,,primary 2026,https://earlyvotecounts.bexar.org/ (Wayback capture http://web.archive.org/web/20260306200258/https://earlyvotecounts.bexar.org/)
Bexar,Copernicus Community Center,1778,1558,220,,primary 2026,https://earlyvotecounts.bexar.org/ (Wayback capture http://web.archive.org/web/20260306200258/https://earlyvotecounts.bexar.org/)
Harris,Hockley Community Center,1763,802,961,yes,"primary thru 2/25, scaled x1.58/x1.49",http://web.archive.org/web/20260226212822/https://appfiles.harrisvotes.com/harrisvotes/prd/docs/Uploads/EVPA_unofficial.pdf
Denton,Northwest ISD Administration Bldg,1721,,,yes,Nov 2024 general x0.31,votedenton.gov 1124_11-01_ev_by_day_poll_pad.pdf
Harris,Shrine of the Black Madonna Cultural and Event Center,1718,1673,45,yes,"primary thru 2/25, scaled x1.58/x1.49",http://web.archive.org/web/20260226212822/https://appfiles.harrisvotes.com/harrisvotes/prd/docs/Uploads/EVPA_unofficial.pdf
Travis,Community Center at Del Valle,1705,1418,287,,primary 2026,https://votetravis.gov/wp-content/uploads/P26-Daily-Totals-1.zip
Bexar,Las Palmas Branch Library,1704,1488,216,,primary 2026,https://earlyvotecounts.bexar.org/ (Wayback capture http://web.archive.org/web/20260306200258/https://earlyvotecounts.bexar.org/)
Montgomery,East Montgomery County Community Development Center,1680,409,1271,,primary 2026,https://elections.mctx.org/pdf/PRI030326/rptEVDaily.pdf
Denton,Robson Ranch Clubhouse,1680,,,yes,Nov 2024 general x0.31,votedenton.gov 1124_11-01_ev_by_day_poll_pad.pdf
Collin,Lavon City Hall,1661,794,,yes,Dem primary only; total est. x2.09,talarico-archive tag
Fort Bend,ROAD AND BRIDGE (NEEDVILLE),1658,286,1372,,primary 2026,https://www.fortbendcountytx.gov/sites/default/files/document-central/document-central/elections-documents/elections-results/2026/Early-Voting-by-Personal-Appearance-Statistics_9.xlsx
Tarrant,Northside Community Center,1636,1401,235,,primary 2026,https://www.tarrantcountytx.gov/content/dam/main/elections/2026/pm26/ev_reports/Early_Voting_Daily_Totals.pdf
Dallas,Dallas College-North Lake Campus,1628,1274,354,,primary 2026,https://www.dallascountyvotes.org/wp-content/uploads/2026/02/Early-Voting-Turnout-By-Date-Location-Party-Report_02.28.26.xlsx
Hidalgo,Amigos Del Valle,1622,1282,340,,primary 2026,https://www.hidalgocounty.us/DocumentCenter/View/72057/EV-SUBS
Dallas,Sunnyvale Town Hall,1603,816,787,,primary 2026,https://www.dallascountyvotes.org/wp-content/uploads/2026/02/Early-Voting-Turnout-By-Date-Location-Party-Report_02.28.26.xlsx
Denton,Oak Point City Hall,1595,,,yes,Nov 2024 general x0.31,votedenton.gov 1124_11-01_ev_by_day_poll_pad.pdf
Denton,Denton County Southwest Courthouse,1576,,,yes,Nov 2024 general x0.31,votedenton.gov 1124_11-01_ev_by_day_poll_pad.pdf
El Paso,Oz Glaze Senior Center,1567,1086,481,,primary 2026,https://ep-county-elections-production.s3.amazonaws.com/documents/files/000/006/527/original/DEM_Early_Voting_Statistics.pdf ; https://ep-county-elections-production.s3.amazonaws.com/documents/files/000/006/525/original/REP_Early_Voting_Statistics.pdf
Collin,McKinney Fire Station #10,1540,736,,yes,Dem primary only; total est. x2.09,talarico-archive tag
El Paso,Chayo Apodaca Community Center,1521,1228,293,,primary 2026,https://ep-county-elections-production.s3.amazonaws.com/documents/files/000/006/527/original/DEM_Early_Voting_Statistics.pdf ; https://ep-county-elections-production.s3.amazonaws.com/documents/files/000/006/525/original/REP_Early_Voting_Statistics.pdf
El Paso,Enrique Moreno County Courthouse,1510,1269,241,,primary 2026,https://ep-county-elections-production.s3.amazonaws.com/documents/files/000/006/527/original/DEM_Early_Voting_Statistics.pdf ; https://ep-county-elections-production.s3.amazonaws.com/documents/files/000/006/525/original/REP_Early_Voting_Statistics.pdf
Dallas,For Oak Cliff,1498,1475,23,,primary 2026,https://www.dallascountyvotes.org/wp-content/uploads/2026/02/Early-Voting-Turnout-By-Date-Location-Party-Report_02.28.26.xlsx
Denton,Lantana Community Event Center,1485,,,yes,Nov 2024 general x0.31,votedenton.gov 1124_11-01_ev_by_day_poll_pad.pdf
Denton,Timberglen Recreation Center,1485,,,yes,Nov 2024 general x0.31,votedenton.gov 1124_11-01_ev_by_day_poll_pad.pdf
Cameron,Cameron Park Community Center (El Centro Cultural),1481,1256,225,,primary 2026,https://www.cameroncountytx.gov/elections/wp-content/uploads/2026/02/01_2026_DEMOCRATIC_PRIMARY2-27-2026.pdf ; https://www.cameroncountytx.gov/elections/wp-content/uploads/2026/02/02_2026_REPUBLICAN_PRIMARY2-27-2026.pdf
Travis,Lake Travis ISD Educational Development Center,1471,840,631,,primary 2026,https://votetravis.gov/wp-content/uploads/P26-Daily-Totals-1.zip
Denton,Krum ISD Administration Building,1464,,,yes,Nov 2024 general x0.31,votedenton.gov 1124_11-01_ev_by_day_poll_pad.pdf
Dallas,Dallas College-Mountain View Campus,1453,1338,115,,primary 2026,https://www.dallascountyvotes.org/wp-content/uploads/2026/02/Early-Voting-Turnout-By-Date-Location-Party-Report_02.28.26.xlsx
Travis,Travis County Civil and Family Courts Facility,1438,1183,255,,primary 2026,https://votetravis.gov/wp-content/uploads/P26-Daily-Totals-1.zip
Cameron,Southmost Public Library,1423,1196,227,,primary 2026,https://www.cameroncountytx.gov/elections/wp-content/uploads/2026/02/01_2026_DEMOCRATIC_PRIMARY2-27-2026.pdf ; https://www.cameroncountytx.gov/elections/wp-content/uploads/2026/02/02_2026_REPUBLICAN_PRIMARY2-27-2026.pdf
Collin,Lovejoy ISD Administration Building,1404,671,,yes,Dem primary only; total est. x2.09,talarico-archive tag
Williamson,Sonterra HOA Pool & Clubhouse,1403,,,,primary 2026,https://www.wilcotx.gov/DocumentCenter/View/18720/Unofficial-Early-Voting-Summary-for-the-March-3-2026-Primary
Dallas,Hamilton Park UMC,1398,1166,232,,primary 2026,https://www.dallascountyvotes.org/wp-content/uploads/2026/02/Early-Voting-Turnout-By-Date-Location-Party-Report_02.28.26.xlsx
El Paso,EPCC Administrative Services Center,1376,1017,359,,primary 2026,https://ep-county-elections-production.s3.amazonaws.com/documents/files/000/006/527/original/DEM_Early_Voting_Statistics.pdf ; https://ep-county-elections-production.s3.amazonaws.com/documents/files/000/006/525/original/REP_Early_Voting_Statistics.pdf
Hidalgo,Alton Recreation Center,1367,1089,278,,primary 2026,https://www.hidalgocounty.us/DocumentCenter/View/72057/EV-SUBS
Harris,Vera Brummet May Community Center,1360,222,1138,yes,"primary thru 2/25, scaled x1.58/x1.49",http://web.archive.org/web/20260226212822/https://appfiles.harrisvotes.com/harrisvotes/prd/docs/Uploads/EVPA_unofficial.pdf
Cameron,American Legion Hall,1349,858,491,,primary 2026,https://www.cameroncountytx.gov/elections/wp-content/uploads/2026/02/01_2026_DEMOCRATIC_PRIMARY2-27-2026.pdf ; https://www.cameroncountytx.gov/elections/wp-content/uploads/2026/02/02_2026_REPUBLICAN_PRIMARY2-27-2026.pdf
Hidalgo,STC Pecan Campus Building U,1329,1130,199,,primary 2026,https://www.hidalgocounty.us/DocumentCenter/View/72057/EV-SUBS
Collin,McKinney Fire Station #9,1318,630,,yes,Dem primary only; total est. x2.09,talarico-archive tag
Dallas,Seagoville City Hall,1316,925,391,,primary 2026,https://www.dallascountyvotes.org/wp-content/uploads/2026/02/Early-Voting-Turnout-By-Date-Location-Party-Report_02.28.26.xlsx
Denton,Aubrey ISD Administration Building,1308,,,yes,Nov 2024 general x0.31,votedenton.gov 1124_11-01_ev_by_day_poll_pad.pdf
Hidalgo,Mercedes Civic Center,1306,1016,290,,primary 2026,https://www.hidalgocounty.us/DocumentCenter/View/72057/EV-SUBS
Denton,Flower Mound Municipal Court,1297,,,yes,Nov 2024 general x0.31,votedenton.gov 1124_11-01_ev_by_day_poll_pad.pdf
El Paso,UTEP,1291,1151,140,,primary 2026,https://ep-county-elections-production.s3.amazonaws.com/documents/files/000/006/527/original/DEM_Early_Voting_Statistics.pdf ; https://ep-county-elections-production.s3.amazonaws.com/documents/files/000/006/525/original/REP_Early_Voting_Statistics.pdf
Cameron,Port Isabel City Hall,1272,643,629,,primary 2026,https://www.cameroncountytx.gov/elections/wp-content/uploads/2026/02/01_2026_DEMOCRATIC_PRIMARY2-27-2026.pdf ; https://www.cameroncountytx.gov/elections/wp-content/uploads/2026/02/02_2026_REPUBLICAN_PRIMARY2-27-2026.pdf
Webb,Barb Fasken,1265,1065,200,,primary 2026,https://www.webbcountytx.gov/DocumentCenter/View/2280/Daily-Totals-PDF
Dallas,Bear Creek Community Church,1257,974,283,,primary 2026,https://www.dallascountyvotes.org/wp-content/uploads/2026/02/Early-Voting-Turnout-By-Date-Location-Party-Report_02.28.26.xlsx
Denton,Castle Hills North Community Center,1245,,,yes,Nov 2024 general x0.31,votedenton.gov 1124_11-01_ev_by_day_poll_pad.pdf
Travis,Community Center at Oak Hill,1233,980,253,,primary 2026,https://votetravis.gov/wp-content/uploads/P26-Daily-Totals-1.zip
Nueces,Johnny Calderon Building,1229,810,419,,primary 2026,https://www.nuecesco.com/home/showpublisheddocument/33305/639092555266430000
Fort Bend,COMMONWEALTH CLUBHOUSE,1227,530,697,,primary 2026,https://www.fortbendcountytx.gov/sites/default/files/document-central/document-central/elections-documents/elections-results/2026/Early-Voting-by-Personal-Appearance-Statistics_9.xlsx
Hidalgo,Sgt. Rodriguez Community Center,1214,1131,83,,primary 2026,https://www.hidalgocounty.us/DocumentCenter/View/72057/EV-SUBS
El Paso,Bowling Family YMCA,1209,761,448,,primary 2026,https://ep-county-elections-production.s3.amazonaws.com/documents/files/000/006/527/original/DEM_Early_Voting_Statistics.pdf ; https://ep-county-elections-production.s3.amazonaws.com/documents/files/000/006/525/original/REP_Early_Voting_Statistics.pdf
Fort Bend,CRAWFORD HIGH SCHOOL,1206,1074,132,,primary 2026,https://www.fortbendcountytx.gov/sites/default/files/document-central/document-central/elections-documents/elections-results/2026/Early-Voting-by-Personal-Appearance-Statistics_9.xlsx
Collin,Parker City Hall,1191,569,,yes,Dem primary only; total est. x2.09,talarico-archive tag
Williamson,Hammerlun Center For Leadership And Learning,1174,,,,primary 2026,https://www.wilcotx.gov/DocumentCenter/View/18720/Unofficial-Early-Voting-Summary-for-the-March-3-2026-Primary
Hidalgo,Development and Research Center,1170,1004,166,,primary 2026,https://www.hidalgocounty.us/DocumentCenter/View/72057/EV-SUBS
Nueces,Hamlin Middle School,1165,697,468,,primary 2026,https://www.nuecesco.com/home/showpublisheddocument/33305/639092555266430000
Denton,Hickory Creek Town Hall,1163,,,yes,Nov 2024 general x0.31,votedenton.gov 1124_11-01_ev_by_day_poll_pad.pdf
Nueces,Del Mar College,1160,882,278,,primary 2026,https://www.nuecesco.com/home/showpublisheddocument/33305/639092555266430000
Denton,Bartonville Town Hall,1157,,,yes,Nov 2024 general x0.31,votedenton.gov 1124_11-01_ev_by_day_poll_pad.pdf
Dallas,Oak Gardens Church,1151,1115,36,,primary 2026,https://www.dallascountyvotes.org/wp-content/uploads/2026/02/Early-Voting-Turnout-By-Date-Location-Party-Report_02.28.26.xlsx
Hidalgo,Palm View Community Center,1151,909,242,,primary 2026,https://www.hidalgocounty.us/DocumentCenter/View/72057/EV-SUBS
Dallas,Dallas College-Cedar Valley Campus,1140,1073,67,,primary 2026,https://www.dallascountyvotes.org/wp-content/uploads/2026/02/Early-Voting-Turnout-By-Date-Location-Party-Report_02.28.26.xlsx
Harris,HCC Northline,1138,981,157,yes,"primary thru 2/25, scaled x1.58/x1.49",http://web.archive.org/web/20260226212822/https://appfiles.harrisvotes.com/harrisvotes/prd/docs/Uploads/EVPA_unofficial.pdf
Hidalgo,La Joya Youth Center,1122,1016,106,,primary 2026,https://www.hidalgocounty.us/DocumentCenter/View/72057/EV-SUBS
El Paso,SISD District Service Center,1111,855,256,,primary 2026,https://ep-county-elections-production.s3.amazonaws.com/documents/files/000/006/527/original/DEM_Early_Voting_Statistics.pdf ; https://ep-county-elections-production.s3.amazonaws.com/documents/files/000/006/525/original/REP_Early_Voting_Statistics.pdf
Collin,McKinney City Hall,1098,525,,yes,Dem primary only; total est. x2.09,talarico-archive tag
Hidalgo,Sullivan City WIC Clinic,1087,1010,77,,primary 2026,https://www.hidalgocounty.us/DocumentCenter/View/72057/EV-SUBS
Dallas,Frank Crowley Courts Building,1072,954,118,,primary 2026,https://www.dallascountyvotes.org/wp-content/uploads/2026/02/Early-Voting-Turnout-By-Date-Location-Party-Report_02.28.26.xlsx
Denton,The Vista,1050,,,yes,Nov 2024 general x0.31,votedenton.gov 1124_11-01_ev_by_day_poll_pad.pdf
Brazoria,Freeport,1046,372,674,,primary 2026,https://www.brazoriacountyclerktx.gov/home/showpublisheddocument/29250/639078286362930000 (DEM; via web.archive.org/web/20260306001741) ; https://www.brazoriacountyclerktx.gov/home/showpublisheddocument/29248/639078206102900000 (REP; via web.archive.org/web/20260306001833)
Denton,North Lakes Recreation Center,1039,,,yes,Nov 2024 general x0.31,votedenton.gov 1124_11-01_ev_by_day_poll_pad.pdf
Nueces,Texas A&M University - CC,1020,741,279,,primary 2026,https://www.nuecesco.com/home/showpublisheddocument/33305/639092555266430000
Fort Bend,MISSION BEND BRANCH LIBRARY,1004,790,214,,primary 2026,https://www.fortbendcountytx.gov/sites/default/files/document-central/document-central/elections-documents/elections-results/2026/Early-Voting-by-Personal-Appearance-Statistics_9.xlsx
Hidalgo,Palmview Recreation Center,996,865,131,,primary 2026,https://www.hidalgocounty.us/DocumentCenter/View/72057/EV-SUBS
Fort Bend,RICHMOND WATER MAINTENANCE FACILITY,993,453,540,,primary 2026,https://www.fortbendcountytx.gov/sites/default/files/document-central/document-central/elections-documents/elections-results/2026/Early-Voting-by-Personal-Appearance-Statistics_9.xlsx
Dallas,Pioneer Event Center,992,788,204,,primary 2026,https://www.dallascountyvotes.org/wp-content/uploads/2026/02/Early-Voting-Turnout-By-Date-Location-Party-Report_02.28.26.xlsx
El Paso,Kennedy Brothers Memorial Recreation Center,985,835,150,,primary 2026,https://ep-county-elections-production.s3.amazonaws.com/documents/files/000/006/527/original/DEM_Early_Voting_Statistics.pdf ; https://ep-county-elections-production.s3.amazonaws.com/documents/files/000/006/525/original/REP_Early_Voting_Statistics.pdf
El Paso,Pebble Hills High School,975,690,285,,primary 2026,https://ep-county-elections-production.s3.amazonaws.com/documents/files/000/006/527/original/DEM_Early_Voting_Statistics.pdf ; https://ep-county-elections-production.s3.amazonaws.com/documents/files/000/006/525/original/REP_Early_Voting_Statistics.pdf
El Paso,Nations Tobin Sports Center,951,668,283,,primary 2026,https://ep-county-elections-production.s3.amazonaws.com/documents/files/000/006/527/original/DEM_Early_Voting_Statistics.pdf ; https://ep-county-elections-production.s3.amazonaws.com/documents/files/000/006/525/original/REP_Early_Voting_Statistics.pdf
Collin,Lucas Community Center,948,453,,yes,Dem primary only; total est. x2.09,talarico-archive tag
Bexar,St Hedwig City Hall,937,342,595,,primary 2026,https://earlyvotecounts.bexar.org/ (Wayback capture http://web.archive.org/web/20260306200258/https://earlyvotecounts.bexar.org/)
Denton,Lake Dallas City Hall,925,,,yes,Nov 2024 general x0.31,votedenton.gov 1124_11-01_ev_by_day_poll_pad.pdf
Bexar,Somerset City Hall,918,417,501,,primary 2026,https://earlyvotecounts.bexar.org/ (Wayback capture http://web.archive.org/web/20260306200258/https://earlyvotecounts.bexar.org/)
Cameron,New Horizon Medical Center,916,782,134,,primary 2026,https://www.cameroncountytx.gov/elections/wp-content/uploads/2026/02/01_2026_DEMOCRATIC_PRIMARY2-27-2026.pdf ; https://www.cameroncountytx.gov/elections/wp-content/uploads/2026/02/02_2026_REPUBLICAN_PRIMARY2-27-2026.pdf
Cameron,Town of Rancho Viejo City Hall,910,605,305,,primary 2026,https://www.cameroncountytx.gov/elections/wp-content/uploads/2026/02/01_2026_DEMOCRATIC_PRIMARY2-27-2026.pdf ; https://www.cameroncountytx.gov/elections/wp-content/uploads/2026/02/02_2026_REPUBLICAN_PRIMARY2-27-2026.pdf
Denton,Ponder Town Hall,909,,,yes,Nov 2024 general x0.31,votedenton.gov 1124_11-01_ev_by_day_poll_pad.pdf
Denton,Pilot Point Senior Center,906,,,yes,Nov 2024 general x0.31,votedenton.gov 1124_11-01_ev_by_day_poll_pad.pdf
Denton,Flower Mound Fire Station #2,889,,,yes,Nov 2024 general x0.31,votedenton.gov 1124_11-01_ev_by_day_poll_pad.pdf
Cameron,Main Office Cameron County Judicial Complex,875,739,136,,primary 2026,https://www.cameroncountytx.gov/elections/wp-content/uploads/2026/02/01_2026_DEMOCRATIC_PRIMARY2-27-2026.pdf ; https://www.cameroncountytx.gov/elections/wp-content/uploads/2026/02/02_2026_REPUBLICAN_PRIMARY2-27-2026.pdf
Harris,City of South Houston Municipal Court,865,647,218,yes,"primary thru 2/25, scaled x1.58/x1.49",http://web.archive.org/web/20260226212822/https://appfiles.harrisvotes.com/harrisvotes/prd/docs/Uploads/EVPA_unofficial.pdf
Fort Bend,MARYAM ISLAMIC CENTER,845,749,96,,primary 2026,https://www.fortbendcountytx.gov/sites/default/files/document-central/document-central/elections-documents/elections-results/2026/Early-Voting-by-Personal-Appearance-Statistics_9.xlsx
Williamson,Northstar Georgetown,842,,,,primary 2026,https://www.wilcotx.gov/DocumentCenter/View/18720/Unofficial-Early-Voting-Summary-for-the-March-3-2026-Primary
Collin,Collin College Farmersville Campus,829,396,,yes,Dem primary only; total est. x2.09,talarico-archive tag
Bexar,Texas A&M University,826,724,102,,primary 2026,https://earlyvotecounts.bexar.org/ (Wayback capture http://web.archive.org/web/20260306200258/https://earlyvotecounts.bexar.org/)
Bexar,Our Lady of the Lake University,824,730,94,,primary 2026,https://earlyvotecounts.bexar.org/ (Wayback capture http://web.archive.org/web/20260306200258/https://earlyvotecounts.bexar.org/)
Fort Bend,ELECTIONS OFFICE,823,503,320,,primary 2026,https://www.fortbendcountytx.gov/sites/default/files/document-central/document-central/elections-documents/elections-results/2026/Early-Voting-by-Personal-Appearance-Statistics_9.xlsx
El Paso,Wellington Chew Senior Center,819,529,290,,primary 2026,https://ep-county-elections-production.s3.amazonaws.com/documents/files/000/006/527/original/DEM_Early_Voting_Statistics.pdf ; https://ep-county-elections-production.s3.amazonaws.com/documents/files/000/006/525/original/REP_Early_Voting_Statistics.pdf
El Paso,Gonzalez Place,817,564,253,,primary 2026,https://ep-county-elections-production.s3.amazonaws.com/documents/files/000/006/527/original/DEM_Early_Voting_Statistics.pdf ; https://ep-county-elections-production.s3.amazonaws.com/documents/files/000/006/525/original/REP_Early_Voting_Statistics.pdf
Bexar,Palo Alto College,804,677,127,,primary 2026,https://earlyvotecounts.bexar.org/ (Wayback capture http://web.archive.org/web/20260306200258/https://earlyvotecounts.bexar.org/)
Hidalgo,San Carlos Endowment Center,775,613,162,,primary 2026,https://www.hidalgocounty.us/DocumentCenter/View/72057/EV-SUBS
Dallas,Makkah Masjid IDEA,774,620,154,,primary 2026,https://www.dallascountyvotes.org/wp-content/uploads/2026/02/Early-Voting-Turnout-By-Date-Location-Party-Report_02.28.26.xlsx
Cameron,Rio Hondo Civic Center,767,507,260,,primary 2026,https://www.cameroncountytx.gov/elections/wp-content/uploads/2026/02/01_2026_DEMOCRATIC_PRIMARY2-27-2026.pdf ; https://www.cameroncountytx.gov/elections/wp-content/uploads/2026/02/02_2026_REPUBLICAN_PRIMARY2-27-2026.pdf
Hidalgo,Veterans Memorial Pavilion,703,614,89,,primary 2026,https://www.hidalgocounty.us/DocumentCenter/View/72057/EV-SUBS
Hidalgo,Hidalgo Public Library,695,603,92,,primary 2026,https://www.hidalgocounty.us/DocumentCenter/View/72057/EV-SUBS
Bexar,Macedonia Baptist Church,686,611,75,,primary 2026,https://earlyvotecounts.bexar.org/ (Wayback capture http://web.archive.org/web/20260306200258/https://earlyvotecounts.bexar.org/)
Bexar,Mission Del Lago,670,469,201,,primary 2026,https://earlyvotecounts.bexar.org/ (Wayback capture http://web.archive.org/web/20260306200258/https://earlyvotecounts.bexar.org/)
El Paso,Memorial Park Senior Citizen Center,654,547,107,,primary 2026,https://ep-county-elections-production.s3.amazonaws.com/documents/files/000/006/527/original/DEM_Early_Voting_Statistics.pdf ; https://ep-county-elections-production.s3.amazonaws.com/documents/files/000/006/525/original/REP_Early_Voting_Statistics.pdf
Hidalgo,La Villa Multi-Purpose Bldg.,652,603,49,,primary 2026,https://www.hidalgocounty.us/DocumentCenter/View/72057/EV-SUBS
Denton,Frisco ISD Transportation West Facility,649,,,yes,Nov 2024 general x0.31,votedenton.gov 1124_11-01_ev_by_day_poll_pad.pdf
El Paso,Mountain View-Rae Gilmore Recreation Center,648,445,203,,primary 2026,https://ep-county-elections-production.s3.amazonaws.com/documents/files/000/006/527/original/DEM_Early_Voting_Statistics.pdf ; https://ep-county-elections-production.s3.amazonaws.com/documents/files/000/006/525/original/REP_Early_Voting_Statistics.pdf
Hidalgo,STC Nursing Campus Building B,630,479,151,,primary 2026,https://www.hidalgocounty.us/DocumentCenter/View/72057/EV-SUBS
Webb,LISD Transportaion,626,570,56,,primary 2026,https://www.webbcountytx.gov/DocumentCenter/View/2280/Daily-Totals-PDF
Nueces,Ellis Memorial Library,622,187,435,,primary 2026,https://www.nuecesco.com/home/showpublisheddocument/33305/639092555266430000
El Paso,El Paso County Northwest Annex,593,437,156,,primary 2026,https://ep-county-elections-production.s3.amazonaws.com/documents/files/000/006/527/original/DEM_Early_Voting_Statistics.pdf ; https://ep-county-elections-production.s3.amazonaws.com/documents/files/000/006/525/original/REP_Early_Voting_Statistics.pdf
Webb,Marcos Arranda Rec.,590,540,50,,primary 2026,https://www.webbcountytx.gov/DocumentCenter/View/2280/Daily-Totals-PDF
El Paso,Hilos De Plata Senior Center,588,497,91,,primary 2026,https://ep-county-elections-production.s3.amazonaws.com/documents/files/000/006/527/original/DEM_Early_Voting_Statistics.pdf ; https://ep-county-elections-production.s3.amazonaws.com/documents/files/000/006/525/original/REP_Early_Voting_Statistics.pdf
Dallas,City of Hutchins Municipal Center,566,513,53,,primary 2026,https://www.dallascountyvotes.org/wp-content/uploads/2026/02/Early-Voting-Turnout-By-Date-Location-Party-Report_02.28.26.xlsx
Denton,Texas Woman's University Hubbard Hall,558,,,yes,Nov 2024 general x0.31,votedenton.gov 1124_11-01_ev_by_day_poll_pad.pdf
Denton,Hackberry City Hall,547,,,yes,Nov 2024 general x0.31,votedenton.gov 1124_11-01_ev_by_day_poll_pad.pdf
El Paso,YWCA- Central,542,456,86,,primary 2026,https://ep-county-elections-production.s3.amazonaws.com/documents/files/000/006/527/original/DEM_Early_Voting_Statistics.pdf ; https://ep-county-elections-production.s3.amazonaws.com/documents/files/000/006/525/original/REP_Early_Voting_Statistics.pdf
Denton,Shady Shores Community Center,541,,,yes,Nov 2024 general x0.31,votedenton.gov 1124_11-01_ev_by_day_poll_pad.pdf
Cameron,UTRGV Student Union Salon Gardenia,517,466,51,,primary 2026,https://www.cameroncountytx.gov/elections/wp-content/uploads/2026/02/01_2026_DEMOCRATIC_PRIMARY2-27-2026.pdf ; https://www.cameroncountytx.gov/elections/wp-content/uploads/2026/02/02_2026_REPUBLICAN_PRIMARY2-27-2026.pdf
Fort Bend,BEASLEY CITY HALL,517,187,330,,primary 2026,https://www.fortbendcountytx.gov/sites/default/files/document-central/document-central/elections-documents/elections-results/2026/Early-Voting-by-Personal-Appearance-Statistics_9.xlsx
Bexar,Frank Garrett Multi Service Center,516,451,65,,primary 2026,https://earlyvotecounts.bexar.org/ (Wayback capture http://web.archive.org/web/20260306200258/https://earlyvotecounts.bexar.org/)
Dallas,Elections Training / Warehouse,502,395,107,,primary 2026,https://www.dallascountyvotes.org/wp-content/uploads/2026/02/Early-Voting-Turnout-By-Date-Location-Party-Report_02.28.26.xlsx
El Paso,Wayne Thornton Community Center at Grandview,502,402,100,,primary 2026,https://ep-county-elections-production.s3.amazonaws.com/documents/files/000/006/527/original/DEM_Early_Voting_Statistics.pdf ; https://ep-county-elections-production.s3.amazonaws.com/documents/files/000/006/525/original/REP_Early_Voting_Statistics.pdf
Bexar,St. Phillips College,500,457,43,,primary 2026,https://earlyvotecounts.bexar.org/ (Wayback capture http://web.archive.org/web/20260306200258/https://earlyvotecounts.bexar.org/)
El Paso,Commissioner's Corner,499,321,178,,primary 2026,https://ep-county-elections-production.s3.amazonaws.com/documents/files/000/006/527/original/DEM_Early_Voting_Statistics.pdf ; https://ep-county-elections-production.s3.amazonaws.com/documents/files/000/006/525/original/REP_Early_Voting_Statistics.pdf
El Paso,Canutillo Nutrition Center,495,330,165,,primary 2026,https://ep-county-elections-production.s3.amazonaws.com/documents/files/000/006/527/original/DEM_Early_Voting_Statistics.pdf ; https://ep-county-elections-production.s3.amazonaws.com/documents/files/000/006/525/original/REP_Early_Voting_Statistics.pdf
Dallas,Islamic Center of Irving,467,443,24,,primary 2026,https://www.dallascountyvotes.org/wp-content/uploads/2026/02/Early-Voting-Turnout-By-Date-Location-Party-Report_02.28.26.xlsx
Nueces,Bishop Multipurpose Building,462,205,257,,primary 2026,https://www.nuecesco.com/home/showpublisheddocument/33305/639092555266430000
Hidalgo,Progreso Family Community Center,442,346,96,,primary 2026,https://www.hidalgocounty.us/DocumentCenter/View/72057/EV-SUBS
Denton,Briarwood Retreat Center,425,,,yes,Nov 2024 general x0.31,votedenton.gov 1124_11-01_ev_by_day_poll_pad.pdf
Williamson,Florence City Hall,422,,,,primary 2026,https://www.wilcotx.gov/DocumentCenter/View/18720/Unofficial-Early-Voting-Summary-for-the-March-3-2026-Primary
Dallas,Jaycee Zaragoza Recreation Center,417,386,31,,primary 2026,https://www.dallascountyvotes.org/wp-content/uploads/2026/02/Early-Voting-Turnout-By-Date-Location-Party-Report_02.28.26.xlsx
Dallas,Wilmer Community Center,391,325,66,,primary 2026,https://www.dallascountyvotes.org/wp-content/uploads/2026/02/Early-Voting-Turnout-By-Date-Location-Party-Report_02.28.26.xlsx
Dallas,Singing Hills Recreation Center,383,367,16,,primary 2026,https://www.dallascountyvotes.org/wp-content/uploads/2026/02/Early-Voting-Turnout-By-Date-Location-Party-Report_02.28.26.xlsx
El Paso,Fabens Community Center,366,282,84,,primary 2026,https://ep-county-elections-production.s3.amazonaws.com/documents/files/000/006/527/original/DEM_Early_Voting_Statistics.pdf ; https://ep-county-elections-production.s3.amazonaws.com/documents/files/000/006/525/original/REP_Early_Voting_Statistics.pdf
Dallas,Envision Dallas,335,265,70,,primary 2026,https://www.dallascountyvotes.org/wp-content/uploads/2026/02/Early-Voting-Turnout-By-Date-Location-Party-Report_02.28.26.xlsx
El Paso,Clint Junior High School,328,226,102,,primary 2026,https://ep-county-elections-production.s3.amazonaws.com/documents/files/000/006/527/original/DEM_Early_Voting_Statistics.pdf ; https://ep-county-elections-production.s3.amazonaws.com/documents/files/000/006/525/original/REP_Early_Voting_Statistics.pdf
Cameron,Cameron County Brownsville Annex (Levee Building),322,277,45,,primary 2026,https://www.cameroncountytx.gov/elections/wp-content/uploads/2026/02/01_2026_DEMOCRATIC_PRIMARY2-27-2026.pdf ; https://www.cameroncountytx.gov/elections/wp-content/uploads/2026/02/02_2026_REPUBLICAN_PRIMARY2-27-2026.pdf
El Paso,City of San Elizario Municipal Court,318,274,44,,primary 2026,https://ep-county-elections-production.s3.amazonaws.com/documents/files/000/006/527/original/DEM_Early_Voting_Statistics.pdf ; https://ep-county-elections-production.s3.amazonaws.com/documents/files/000/006/525/original/REP_Early_Voting_Statistics.pdf
Cameron,Santa Rosa Maria Luisa Ruiz Guerra County Annex Bldg.,308,217,91,,primary 2026,https://www.cameroncountytx.gov/elections/wp-content/uploads/2026/02/01_2026_DEMOCRATIC_PRIMARY2-27-2026.pdf ; https://www.cameroncountytx.gov/elections/wp-content/uploads/2026/02/02_2026_REPUBLICAN_PRIMARY2-27-2026.pdf
Webb,El Cenizo Com. Cntr.,301,291,10,,primary 2026,https://www.webbcountytx.gov/DocumentCenter/View/2280/Daily-Totals-PDF
Hidalgo,Monte Alto ISD Teaching and Learning Center,291,257,34,,primary 2026,https://www.hidalgocounty.us/DocumentCenter/View/72057/EV-SUBS
El Paso,EPCC Transmountain Campus,284,211,73,,primary 2026,https://ep-county-elections-production.s3.amazonaws.com/documents/files/000/006/527/original/DEM_Early_Voting_Statistics.pdf ; https://ep-county-elections-production.s3.amazonaws.com/documents/files/000/006/525/original/REP_Early_Voting_Statistics.pdf
Cameron,Bob Clark Social Service Center,282,231,51,,primary 2026,https://www.cameroncountytx.gov/elections/wp-content/uploads/2026/02/01_2026_DEMOCRATIC_PRIMARY2-27-2026.pdf ; https://www.cameroncountytx.gov/elections/wp-content/uploads/2026/02/02_2026_REPUBLICAN_PRIMARY2-27-2026.pdf
Hidalgo,Pct.3 Fields Operations Office,278,256,22,,primary 2026,https://www.hidalgocounty.us/DocumentCenter/View/72057/EV-SUBS
El Paso,South El Paso Senior Center,276,236,40,,primary 2026,https://ep-county-elections-production.s3.amazonaws.com/documents/files/000/006/527/original/DEM_Early_Voting_Statistics.pdf ; https://ep-county-elections-production.s3.amazonaws.com/documents/files/000/006/525/original/REP_Early_Voting_Statistics.pdf
Dallas,Esperanza Comm Ctr at Dobie,243,190,53,,primary 2026,https://www.dallascountyvotes.org/wp-content/uploads/2026/02/Early-Voting-Turnout-By-Date-Location-Party-Report_02.28.26.xlsx
El Paso,La Fe Montana Vista Community Center,243,216,27,,primary 2026,https://ep-county-elections-production.s3.amazonaws.com/documents/files/000/006/527/original/DEM_Early_Voting_Statistics.pdf ; https://ep-county-elections-production.s3.amazonaws.com/documents/files/000/006/525/original/REP_Early_Voting_Statistics.pdf
Dallas,Madinah Masjid of Carrollton,242,218,24,,primary 2026,https://www.dallascountyvotes.org/wp-content/uploads/2026/02/Early-Voting-Turnout-By-Date-Location-Party-Report_02.28.26.xlsx
Webb,Bruni Com. Cntr.,173,171,2,,primary 2026,https://www.webbcountytx.gov/DocumentCenter/View/2280/Daily-Totals-PDF
Denton,Lakewood Village Town Hall,173,,,yes,Nov 2024 general x0.31,votedenton.gov 1124_11-01_ev_by_day_poll_pad.pdf
Hidalgo,Granjeno Public Facility,163,109,54,,primary 2026,https://www.hidalgocounty.us/DocumentCenter/View/72057/EV-SUBS
El Paso,Agua Dulce Community Center,161,136,25,,primary 2026,https://ep-county-elections-production.s3.amazonaws.com/documents/files/000/006/527/original/DEM_Early_Voting_Statistics.pdf ; https://ep-county-elections-production.s3.amazonaws.com/documents/files/000/006/525/original/REP_Early_Voting_Statistics.pdf
El Paso,Western Tech College,146,105,41,,primary 2026,https://ep-county-elections-production.s3.amazonaws.com/documents/files/000/006/527/original/DEM_Early_Voting_Statistics.pdf ; https://ep-county-elections-production.s3.amazonaws.com/documents/files/000/006/525/original/REP_Early_Voting_Statistics.pdf
Collin,Blue Ridge ISD Administration Building,128,61,,yes,Dem primary only; total est. x2.09,talarico-archive tag
Cameron,Los Indios Community Center,112,83,29,,primary 2026,https://www.cameroncountytx.gov/elections/wp-content/uploads/2026/02/01_2026_DEMOCRATIC_PRIMARY2-27-2026.pdf ; https://www.cameroncountytx.gov/elections/wp-content/uploads/2026/02/02_2026_REPUBLICAN_PRIMARY2-27-2026.pdf
El Paso,W.E. Neill Community Center,107,88,19,,primary 2026,https://ep-county-elections-production.s3.amazonaws.com/documents/files/000/006/527/original/DEM_Early_Voting_Statistics.pdf ; https://ep-county-elections-production.s3.amazonaws.com/documents/files/000/006/525/original/REP_Early_Voting_Statistics.pdf
Brazoria,Angleton Limited,95,68,27,,primary 2026,https://www.brazoriacountyclerktx.gov/home/showpublisheddocument/29250/639078286362930000 (DEM; via web.archive.org/web/20260306001741) ; https://www.brazoriacountyclerktx.gov/home/showpublisheddocument/29248/639078206102900000 (REP; via web.archive.org/web/20260306001833)
Cameron,Santa Maria ISD Administrative Bldg.,86,67,19,,primary 2026,https://www.cameroncountytx.gov/elections/wp-content/uploads/2026/02/01_2026_DEMOCRATIC_PRIMARY2-27-2026.pdf ; https://www.cameroncountytx.gov/elections/wp-content/uploads/2026/02/02_2026_REPUBLICAN_PRIMARY2-27-2026.pdf
